Tienda,Ventas Totales
Tienda B,3630
Tienda C,2121
Tienda C,9400
Tienda E,3680
Tienda E,7921
Tienda B,4192
Tienda B,4768
Tienda B,4630
Tienda D,9263
Tienda E,6585
Tienda E,9736
Tienda A,6589
Tienda B,7948
Tienda A,1315
Tienda D,5517
Tienda E,8099
Tienda B,3016
Tienda D,3068
Tienda C,7166
Tienda E,3803
Tienda D,2377
Tienda D,6232
Tienda C,8104
Tienda E,498
Tienda E,9607
Tienda B,4942
Tienda D,5174
Tienda E,7861
Tienda E,5406
Tienda E,3415
Tienda B,211
Tienda D,1745
Tienda B,7183
Tienda B,1359
Tienda D,3156
Tienda A,5464
Tienda A,4065
Tienda A,7700
Tienda B,6626
Tienda C,2955
Tienda E,8858
Tienda B,2777
Tienda B,4856
Tienda E,4689
Tienda B,151
Tienda C,4491
Tienda C,8503
Tienda D,9071
Tienda E,4516
Tienda E,843
Tienda E,1053
Tienda D,9703
Tienda C,3514
Tienda D,1196
Tienda D,7255
Tienda B,495
Tienda E,2278
Tienda C,1183
Tienda D,8337
Tienda B,8481
Tienda A,1489
Tienda A,3577
Tienda E,934
Tienda E,9224
Tienda A,4379
Tienda B,5450
Tienda C,6605
Tienda E,3241
Tienda E,4302
Tienda A,6926
Tienda E,7929
Tienda A,2415
Tienda A,4055
Tienda A,878
Tienda D,168
Tienda E,5817
Tienda D,8242
Tienda B,1744
Tienda D,1189
Tienda C,4344
Tienda C,3813
Tienda E,9478
Tienda A,3922
Tienda C,206
Tienda C,4209
Tienda A,6363
Tienda E,1205
Tienda D,4902
Tienda E,4256
Tienda C,7118
Tienda E,8954
Tienda A,4966
Tienda A,4547
Tienda C,4620
Tienda E,3315
Tienda D,9178
Tienda B,1125
Tienda D,1158
Tienda D,6744
Tienda D,2921
Tienda C,8959
Tienda C,4539
Tienda D,405
Tienda A,5801
Tienda B,9215
Tienda B,2678
Tienda D,7590
Tienda D,6617
Tienda A,3375
Tienda B,7281
Tienda D,4747
Tienda A,3256
Tienda D,6543
Tienda D,2319
Tienda B,3790
Tienda C,8663
Tienda D,8484
Tienda A,7715
Tienda D,4198
Tienda D,241
Tienda A,9909
Tienda B,9218
Tienda E,3245
Tienda D,2037
Tienda D,140
Tienda C,2612
Tienda C,5823
Tienda C,5446
Tienda E,8063
Tienda E,2070
Tienda C,9652
Tienda E,7134
Tienda C,6573
Tienda B,490
Tienda B,2558
Tienda B,1411
Tienda C,5130
Tienda D,1794
Tienda E,3147
Tienda A,6837
Tienda C,4880
Tienda A,3236
Tienda E,1558
Tienda E,6909
Tienda D,106
Tienda C,6847
Tienda B,1935
Tienda A,8760
Tienda D,5102
Tienda E,9084
Tienda A,5435
Tienda E,234
Tienda A,9597
Tienda D,7149
Tienda C,6893
Tienda C,9249
Tienda A,1528
Tienda E,1328
Tienda A,849
Tienda B,4810
Tienda D,7243
Tienda A,6841
Tienda D,7171
Tienda E,4986
Tienda A,3527
Tienda E,5811
Tienda E,6961
Tienda A,9758
Tienda D,4598
Tienda C,8886
Tienda E,5302
Tienda C,1344
Tienda A,6914
Tienda A,3938
Tienda C,4523
Tienda D,1337
Tienda A,6824
Tienda B,3435
Tienda A,4948
Tienda C,1354
Tienda A,8357
Tienda E,9854
Tienda A,2799
Tienda A,6571
Tienda E,1095
Tienda C,4922
Tienda B,2955
Tienda E,9672
Tienda C,9963
Tienda A,8059
Tienda E,5208
Tienda E,7414
Tienda E,797
Tienda C,1696
Tienda A,3165
Tienda A,5136
Tienda B,2573
Tienda E,3193
Tienda C,9483
Tienda A,8020
Tienda C,6689
Tienda D,7814
Tienda A,7736
Tienda D,8290
Tienda B,127
Tienda A,3244
Tienda C,3846
Tienda C,2151
Tienda C,9353
Tienda E,9095
Tienda C,5955
Tienda B,164
Tienda B,4951
Tienda B,3988
Tienda C,3350
Tienda A,6839
Tienda C,5534
Tienda D,2062
Tienda D,962
Tienda A,1575
Tienda B,7285
Tienda E,7322
Tienda B,5661
Tienda D,9364
Tienda D,478
Tienda D,820
Tienda E,3621
Tienda D,5782
Tienda A,6829
Tienda A,7925
Tienda D,5968
Tienda C,3639
Tienda A,1703
Tienda A,411
Tienda B,2177
Tienda D,7897
Tienda C,7081
Tienda E,2843
Tienda C,6028
Tienda C,1835
Tienda B,2473
Tienda D,5688
Tienda B,6654
Tienda E,4525
Tienda D,2597
Tienda B,4415
Tienda E,9177
Tienda A,7954
Tienda B,3605
Tienda A,280
Tienda C,5075
Tienda B,6472
Tienda E,2549
Tienda C,7543
Tienda E,7977
Tienda A,7837
Tienda D,5285
Tienda D,2039
Tienda B,2141
Tienda E,8133
Tienda B,4666
Tienda E,2134
Tienda C,7255
Tienda B,2274
Tienda C,7830
Tienda D,6481
Tienda E,2399
Tienda D,9373
Tienda C,3281
Tienda E,2256
Tienda B,5261
Tienda A,8646
Tienda D,553
Tienda B,3395
Tienda B,5600
Tienda A,2704
Tienda C,5755
Tienda C,506
Tienda C,863
Tienda A,892
Tienda C,7057
Tienda E,3500
Tienda B,5998
Tienda B,9826
Tienda E,9895
Tienda B,2300
Tienda C,6287
Tienda B,9010
Tienda B,2328
Tienda A,2859
Tienda D,6421
Tienda E,6821
Tienda B,7347
Tienda C,6039
Tienda E,4699
Tienda A,7003
Tienda D,4198
Tienda B,5263
Tienda E,7243
Tienda E,1040
Tienda A,3241
Tienda B,5874
Tienda C,9022
Tienda A,3097
Tienda E,769
Tienda C,4798
Tienda B,3378
Tienda D,436
Tienda B,1504
Tienda D,5221
Tienda C,1145
Tienda D,3387
Tienda A,7886
Tienda D,4112
Tienda A,6301
Tienda E,6234
Tienda D,9553
Tienda E,4581
Tienda B,5014
Tienda C,839
Tienda E,1779
Tienda A,4582
Tienda B,9501
Tienda C,3090
Tienda B,7885
Tienda B,2903
Tienda D,1010
Tienda C,155
Tienda C,1251
Tienda C,233
Tienda E,6485
Tienda E,8261
Tienda A,9368
Tienda C,5985
Tienda E,4500
Tienda E,3902
Tienda A,6462
Tienda A,6447
Tienda C,228
Tienda A,8851
Tienda E,3854
Tienda E,3789
Tienda C,7690
Tienda B,114
Tienda A,5193
Tienda C,5472
Tienda C,9547
Tienda B,4775
Tienda A,6325
Tienda E,9285
Tienda D,8088
Tienda D,5630
Tienda A,2356
Tienda D,1318
Tienda B,1694
Tienda E,6251
Tienda B,1015
Tienda E,5806
Tienda D,5547
Tienda C,4119
Tienda A,7360
Tienda D,1191
Tienda C,8359
Tienda A,6835
Tienda E,3699
Tienda A,9366
Tienda A,5950
Tienda E,9177
Tienda E,6595
Tienda E,438
Tienda E,2423
Tienda E,9349
Tienda C,3435
Tienda E,2865
Tienda E,5185
Tienda E,4723
Tienda E,7166
Tienda E,8304
Tienda D,331
Tienda A,1793
Tienda D,6595
Tienda E,6043
Tienda D,9736
Tienda A,1515
Tienda A,1321
Tienda B,542
Tienda E,4588
Tienda E,7739
Tienda D,8208
Tienda C,1679
Tienda A,258
Tienda A,9147
Tienda C,8409
Tienda C,2877
Tienda D,1602
Tienda C,6204
Tienda D,9605
Tienda E,6003
Tienda C,3843
Tienda C,170
Tienda E,9609
Tienda A,6188
Tienda C,3445
Tienda E,1674
Tienda E,2521
Tienda B,4409
Tienda E,4666
Tienda D,264
Tienda A,8857
Tienda A,9106
Tienda A,4214
Tienda E,2429
Tienda A,4357
Tienda D,6806
Tienda A,6508
Tienda A,3008
Tienda B,2456
Tienda B,4686
Tienda B,3873
Tienda E,536
Tienda C,9510
Tienda D,8594
Tienda A,8171
Tienda B,4356
Tienda B,3959
Tienda A,6273
Tienda A,5749
Tienda B,2014
Tienda D,4605
Tienda C,4325
Tienda E,8501
Tienda C,4471
Tienda A,7880
Tienda E,1146
Tienda D,6004
Tienda D,2027
Tienda E,6429
Tienda E,4276
Tienda A,1122
Tienda B,5240
Tienda E,827
Tienda E,9988
Tienda A,3681
Tienda E,4762
Tienda D,1385
Tienda C,1796
Tienda D,1951
Tienda A,3049
Tienda B,2479
Tienda C,4590
Tienda C,6250
Tienda B,691
Tienda D,9251
Tienda C,9603
Tienda B,8333
Tienda B,8182
Tienda B,3482
Tienda D,7280
Tienda C,729
Tienda D,5986
Tienda A,9597
Tienda D,3896
Tienda C,2167
Tienda B,4773
Tienda A,4620
Tienda A,1360
Tienda B,2996
Tienda A,2124
Tienda E,5150
Tienda E,2125
Tienda A,4882
Tienda B,2614
Tienda B,3863
Tienda D,9540
Tienda C,4473
Tienda B,1100
Tienda E,8517
Tienda D,5573
Tienda A,5575
Tienda C,5793
Tienda A,5115
Tienda A,3628
Tienda B,5102
Tienda E,7977
Tienda A,7195
Tienda B,6258
Tienda D,5069
Tienda E,9553
Tienda C,4967
Tienda D,332
Tienda D,8783
Tienda D,7755
Tienda E,5871
Tienda C,7267
Tienda D,8805
Tienda E,8842
Tienda A,9609
Tienda E,7399
Tienda C,304
Tienda D,1323
Tienda A,8599
Tienda E,1328
Tienda C,2617
Tienda C,978
Tienda B,5257
Tienda E,8312
Tienda B,8147
Tienda E,8112
Tienda B,9303
Tienda A,7997
Tienda D,286
Tienda C,7760
Tienda D,3887
Tienda A,5334
Tienda D,3737
Tienda A,4088
Tienda B,6509
Tienda D,873
Tienda D,5483
Tienda E,9899
Tienda D,6645
Tienda D,2657
Tienda D,2412
Tienda B,7148
Tienda C,5729
Tienda D,5989
Tienda B,3387
Tienda C,1296
Tienda A,6672
Tienda B,9856
Tienda A,6739
Tienda E,1171
Tienda A,5936
Tienda E,593
Tienda C,8712
Tienda D,5278
Tienda B,4614
Tienda A,3068
Tienda A,1964
Tienda E,3274
Tienda A,2684
Tienda E,937
Tienda D,6085
Tienda E,1675
Tienda A,1534
Tienda D,5979
Tienda E,2935
Tienda D,6132
Tienda C,3699
Tienda C,7186
Tienda A,3092
Tienda D,3036
Tienda C,3815
Tienda C,149
Tienda A,6061
Tienda B,7042
Tienda E,5747
Tienda E,1992
Tienda B,189
Tienda D,587
Tienda E,4147
Tienda E,3324
Tienda A,9659
Tienda B,7596
Tienda D,7541
Tienda C,3028
Tienda B,3396
Tienda A,7230
Tienda D,7596
Tienda B,3325
Tienda D,3052
Tienda A,1008
Tienda A,4149
Tienda C,6830
Tienda D,9510
Tienda D,9428
Tienda C,6627
Tienda A,2925
Tienda B,3263
Tienda A,7018
Tienda A,3625
Tienda C,9149
Tienda C,6888
Tienda B,2117
Tienda B,5231
Tienda B,9278
Tienda E,8320
Tienda D,9618
Tienda A,4220
Tienda B,9349
Tienda E,4667
Tienda B,4468
Tienda A,5230
Tienda D,4934
Tienda C,1162
Tienda B,8315
Tienda B,757
Tienda C,2392
Tienda D,4884
Tienda E,8962
Tienda C,2396
Tienda A,8907
Tienda A,6272
Tienda A,3509
Tienda A,1172
Tienda D,8851
Tienda E,7340
Tienda A,6950
Tienda A,5255
Tienda B,6406
Tienda A,7545
Tienda A,9977
Tienda B,8074
Tienda E,5731
Tienda A,4283
Tienda D,9985
Tienda D,1724
Tienda B,200
Tienda A,7869
Tienda B,5982
Tienda D,6352
Tienda B,6205
Tienda C,1590
Tienda B,6690
Tienda B,206
Tienda D,2351
Tienda E,4072
Tienda E,8344
Tienda D,2971
Tienda B,8538
Tienda D,4211
Tienda E,2537
Tienda D,8219
Tienda B,8863
Tienda D,9454
Tienda A,404
Tienda C,1881
Tienda E,3149
Tienda D,7360
Tienda D,9288
Tienda D,5878
Tienda E,5720
Tienda B,9876
Tienda B,9933
Tienda C,3219
Tienda E,1166
Tienda D,4026
Tienda B,995
Tienda E,685
Tienda D,5595
Tienda E,2278
Tienda B,9877
Tienda A,2489
Tienda E,3736
Tienda A,9290
Tienda C,8390
Tienda A,6067
Tienda E,2695
Tienda C,814
Tienda D,9916
Tienda A,9308
Tienda C,3135
Tienda B,733
Tienda A,8756
Tienda E,3371
Tienda A,1543
Tienda D,6123
Tienda D,3841
Tienda C,431
Tienda D,1544
Tienda E,5514
Tienda D,6660
Tienda E,2297
Tienda E,7478
Tienda A,8765
Tienda C,5166
Tienda B,5674
Tienda A,1157
Tienda B,3193
Tienda D,6283
Tienda D,7224
Tienda D,3327
Tienda B,5261
Tienda A,3130
Tienda B,7739
Tienda A,2840
Tienda E,9887
Tienda B,291
Tienda E,4869
Tienda B,8898
Tienda A,2664
Tienda D,7801
Tienda C,5253
Tienda E,691
Tienda C,3715
Tienda C,9596
Tienda C,344
Tienda E,5228
Tienda C,1056
Tienda D,9933
Tienda D,4839
Tienda C,5204
Tienda D,1283
Tienda E,6050
Tienda E,9431
Tienda B,2440
Tienda E,6325
Tienda B,3532
Tienda D,5511
Tienda E,402
Tienda D,9599
Tienda E,9633
Tienda C,377
Tienda A,5835
Tienda A,9872
Tienda B,1001
Tienda D,6696
Tienda E,8667
Tienda E,8091
Tienda E,1121
Tienda A,6803
Tienda E,8450
Tienda B,6595
Tienda E,3917
Tienda C,7739
Tienda D,2019
Tienda D,7618
Tienda A,5930
Tienda D,1153
Tienda E,5342
Tienda D,1128
Tienda A,3847
Tienda E,8625
Tienda B,1271
Tienda C,8222
Tienda A,7149
Tienda C,5654
Tienda B,1117
Tienda D,1089
Tienda A,2663
Tienda D,8787
Tienda C,4000
Tienda A,9923
Tienda A,8462
Tienda B,5019
Tienda D,3999
Tienda C,5477
Tienda E,1959
Tienda D,9813
Tienda D,3241
Tienda A,2195
Tienda D,4789
Tienda D,5892
Tienda C,3448
Tienda E,5574
Tienda B,7486
Tienda C,3024
Tienda B,921
Tienda A,9483
Tienda A,5008
Tienda E,9639
Tienda E,7175
Tienda B,5160
Tienda A,6306
Tienda C,2935
Tienda B,6987
Tienda D,3035
Tienda C,5999
Tienda A,1418
Tienda C,821
Tienda B,3339
Tienda B,4070
Tienda E,8688
Tienda C,270
Tienda C,8047
Tienda C,3124
Tienda D,2571
Tienda D,7663
Tienda C,3067
Tienda B,4432
Tienda B,4930
Tienda C,2760
Tienda C,3199
Tienda B,3891
Tienda C,2431
Tienda D,4978
Tienda E,6050
Tienda A,7097
Tienda B,1446
Tienda D,8264
Tienda B,7207
Tienda B,6992
Tienda D,5159
Tienda E,7283
Tienda A,2822
Tienda C,2307
Tienda D,1897
Tienda B,9433
Tienda B,4674
Tienda E,1719
Tienda D,7968
Tienda B,5111
Tienda E,8522
Tienda D,382
Tienda A,7053
Tienda C,2980
Tienda B,1325
Tienda B,792
Tienda C,655
Tienda D,3014
Tienda A,8497
Tienda C,7140
Tienda D,5023
Tienda B,4925
Tienda D,1690
Tienda B,2104
Tienda B,5393
Tienda A,7074
Tienda C,1160
Tienda D,7916
Tienda D,3087
Tienda C,2993
Tienda B,3655
Tienda C,8175
Tienda C,3200
Tienda E,5195
Tienda D,5163
Tienda B,7268
Tienda B,1317
Tienda D,4093
Tienda C,3599
Tienda B,395
Tienda C,5281
Tienda D,2816
Tienda B,6988
Tienda C,8238
Tienda C,4592
Tienda B,4532
Tienda C,6543
Tienda A,3862
Tienda D,7097
Tienda D,2887
Tienda D,2757
Tienda D,4455
Tienda C,2121
Tienda C,1720
Tienda D,3165
Tienda C,6849
Tienda B,317
Tienda D,1098
Tienda E,824
Tienda D,9121
Tienda D,7484
Tienda D,6971
Tienda C,2087
Tienda D,7489
Tienda D,7869
Tienda E,8336
Tienda E,2285
Tienda C,9002
Tienda E,3742
Tienda B,5348
Tienda E,7223
Tienda D,2609
Tienda C,4392
Tienda C,4953
Tienda D,7252
Tienda D,7435
Tienda E,2202
Tienda C,9041
Tienda A,8443
Tienda D,9535
Tienda B,4684
Tienda E,5564
Tienda E,9897
Tienda E,9796
Tienda B,6811
Tienda A,2394
Tienda C,339
Tienda E,7827
Tienda E,3872
Tienda B,9963
Tienda D,2727
Tienda E,2541
Tienda D,4055
Tienda E,4667
Tienda D,9970
Tienda B,1632
Tienda B,9004
Tienda D,5976
Tienda E,2981
Tienda B,5950
Tienda D,8226
Tienda B,6609
Tienda A,1876
Tienda A,6942
Tienda A,5274
Tienda C,6627
Tienda A,8046
Tienda E,457
Tienda D,4926
Tienda A,5663
Tienda A,6602
Tienda E,960
Tienda D,5761
Tienda C,6601
Tienda A,7624
Tienda D,8145
Tienda C,1777
Tienda B,386
Tienda E,9932
Tienda E,9518
Tienda B,7809
Tienda C,4151
Tienda B,798
Tienda D,5518
Tienda D,6894
Tienda E,5557
Tienda E,6836
Tienda E,5379
Tienda C,1394
Tienda B,8740
Tienda D,3131
Tienda E,1516
Tienda C,7831
Tienda D,6940
Tienda C,7761
Tienda C,6688
Tienda C,2217
Tienda B,2981
Tienda B,4038
Tienda D,7505
Tienda C,9177
Tienda D,6930
Tienda A,6764
Tienda B,1394
Tienda D,5631
Tienda C,3478
Tienda E,9376
Tienda C,1891
Tienda C,7496
Tienda E,1524
Tienda A,9894
Tienda A,5363
Tienda C,734
Tienda E,3394
Tienda D,2044
Tienda D,3908
Tienda C,6919
Tienda B,8637
Tienda B,9274
Tienda B,1516
Tienda A,920
Tienda B,6169
Tienda E,9780
Tienda C,4400
Tienda E,3967
Tienda D,5287
Tienda A,7106
Tienda E,8645
Tienda C,1366
Tienda E,6600
Tienda D,275
Tienda C,1903
Tienda C,5910
Tienda C,5713
Tienda B,9259
Tienda D,3766
Tienda D,5664
Tienda D,3746
Tienda A,8653
Tienda A,8681
Tienda B,5631
Tienda E,3702
Tienda D,6964
Tienda C,5658
Tienda C,337
Tienda E,2844
Tienda D,2878
Tienda E,4651
Tienda A,9058
Tienda A,4925
Tienda A,6375
Tienda B,2223
Tienda B,2261
Tienda A,7767
Tienda D,875
Tienda D,1231
Tienda B,4211
Tienda B,7996
Tienda D,8819
Tienda A,1034
Tienda E,567
Tienda C,2160
Tienda B,5134
Tienda B,296
Tienda C,5304
Tienda C,1785
Tienda C,178
Tienda D,4151
Tienda C,4420
Tienda E,7985
Tienda E,8144
Tienda B,4963
Tienda A,6271
Tienda B,5494
Tienda C,5466
Tienda D,1152
Tienda D,4613
Tienda E,6921
Tienda D,7187
Tienda A,9829
Tienda C,7590
Tienda A,5374
Tienda A,9373
Tienda E,5708
Tienda E,3152
Tienda E,7811
Tienda E,5075
Tienda E,2504
Tienda C,4528
Tienda E,8503
Tienda D,1568
Tienda C,8949
Tienda A,777
Tienda A,3828
Tienda E,9845
Tienda A,5763
Tienda C,9454
Tienda E,7323
Tienda A,7121
Tienda B,2199
Tienda B,4926
Tienda B,5004
Tienda D,8809
Tienda B,8289
Tienda D,8487
Tienda C,1879
Tienda E,8977
Tienda B,355
Tienda B,1060
Tienda C,3595
Tienda E,3246
Tienda D,151
Tienda C,7399
Tienda C,6955
Tienda A,9311
Tienda E,3701
Tienda A,3589
Tienda B,2424
Tienda D,2089
Tienda D,5899
Tienda D,6356
Tienda A,9678
Tienda E,1611
Tienda A,278
Tienda B,7577
Tienda E,8325
Tienda A,2485
Tienda E,6735
Tienda B,536
Tienda B,5413
Tienda C,4297
Tienda B,7458
Tienda C,1934
Tienda E,1384
Tienda D,1295
Tienda B,2993
Tienda A,3134
Tienda E,2764
Tienda A,7899
Tienda E,7266
Tienda D,137
Tienda B,2122
Tienda A,6832
Tienda B,2689
Tienda B,9194
Tienda C,8484
Tienda C,5071
Tienda E,8896
Tienda B,5699
Tienda D,256
Tienda E,9160
Tienda C,9262
Tienda C,3748
Tienda B,6358
Tienda C,6074
Tienda A,6435
Tienda C,9247
Tienda A,6243
Tienda B,3107
Tienda E,4773
Tienda C,4233
Tienda A,318
Tienda A,4773
Tienda E,375
Tienda E,7605
Tienda A,7269
Tienda E,1569
Tienda B,373
Tienda E,569
Tienda E,9056
Tienda C,4735
Tienda E,4769
Tienda A,5020
Tienda C,3876
Tienda B,6352
Tienda B,2594
Tienda E,2054
Tienda E,7169
Tienda A,3611
Tienda D,6734
Tienda B,8465
Tienda A,6723
Tienda E,9821
Tienda B,2706
Tienda A,8927
Tienda B,4284
Tienda E,7219
Tienda C,7462
Tienda E,2953
Tienda E,1427
Tienda C,6131
Tienda B,8540
Tienda B,8494
Tienda A,4980
Tienda A,1365
Tienda D,9538
Tienda C,5475
Tienda C,303
Tienda C,4751
Tienda D,9416
Tienda B,2912
Tienda E,7356
Tienda C,5860
Tienda E,7652
Tienda D,5901
Tienda A,1969
Tienda C,4678
Tienda B,5513
Tienda E,2242
Tienda C,7169
Tienda E,4138
Tienda C,2427
Tienda E,7806
Tienda D,7202
Tienda E,1374
Tienda C,8820
Tienda C,8726
Tienda D,5357
Tienda D,4433
Tienda D,652
Tienda B,4142
Tienda E,203
Tienda C,187
Tienda D,6938
Tienda E,7491
Tienda D,8763
Tienda B,3247
Tienda C,9657
Tienda E,9762
Tienda B,7612
Tienda C,3020
Tienda C,8031
Tienda E,4791
Tienda D,1943
Tienda E,1055
Tienda D,7531
Tienda C,5652
Tienda D,5409
Tienda C,5421
Tienda C,9058
Tienda E,8821
Tienda E,10000
Tienda B,2289
Tienda D,2213
Tienda A,2918
Tienda C,8471
Tienda D,1027
Tienda A,9963
Tienda D,7133
Tienda A,2151
Tienda B,8210
Tienda D,5313
Tienda A,1641
Tienda B,1361
Tienda E,1913
Tienda D,7595
Tienda E,4651
Tienda C,7297
Tienda B,5982
Tienda B,9445
Tienda C,5292
Tienda C,2103
Tienda B,9847
Tienda A,9583
Tienda D,9623
Tienda E,7981
Tienda D,7952
Tienda C,3582
Tienda D,6933
Tienda A,5030
Tienda E,8768
Tienda C,4444
Tienda E,1753
Tienda B,5074
Tienda C,8379
Tienda E,6789
Tienda A,4693
Tienda D,2658
Tienda D,159
Tienda E,1685
Tienda A,7814
Tienda E,3989
Tienda B,9392
Tienda A,6052
Tienda B,1097
Tienda E,6116
Tienda E,1205
Tienda C,6517
Tienda B,1474
Tienda C,3319
Tienda A,4032
Tienda A,9154
Tienda D,556
Tienda A,383
Tienda A,993
Tienda C,7989
Tienda A,3999
Tienda C,2519
Tienda A,3094
Tienda B,1328
Tienda E,7192
Tienda E,7683
Tienda E,6421
Tienda B,195
Tienda A,6585
Tienda A,1163
Tienda C,4565
Tienda D,1151
Tienda D,2588
Tienda C,3280
Tienda C,9639
Tienda E,497
Tienda C,4224
Tienda E,9530
Tienda E,9850
Tienda C,564
Tienda C,5118
Tienda D,1294
Tienda D,6459
Tienda D,5013
Tienda B,136
Tienda D,4274
Tienda B,2293
Tienda E,8031
Tienda E,2344
Tienda A,7019
Tienda E,3584
Tienda E,2700
Tienda D,5209
Tienda C,4285
Tienda B,4041
Tienda E,882
Tienda D,3815
Tienda A,5167
Tienda C,7330
Tienda B,851
Tienda D,550
Tienda C,8009
Tienda D,698
Tienda A,4083
Tienda E,399
Tienda A,2474
Tienda B,9009
Tienda D,9827
Tienda B,7258
Tienda E,5819
Tienda E,8385
Tienda D,1363
Tienda B,2988
Tienda A,528
Tienda C,7571
Tienda B,7112
Tienda E,6737
Tienda C,8184
Tienda A,6321
Tienda D,1517
Tienda A,5543
Tienda E,1074
Tienda A,2148
Tienda C,6234
Tienda A,2066
Tienda C,3097
Tienda E,4549
Tienda A,6888
Tienda D,1190
Tienda E,4705
Tienda D,8341
Tienda B,8046
Tienda A,5995
Tienda C,5314
Tienda B,8214
Tienda C,753
Tienda E,7158
Tienda D,9320
Tienda D,3305
Tienda E,1349
Tienda B,5479
Tienda E,5639
Tienda E,6225
Tienda C,1141
Tienda C,6874
Tienda B,6939
Tienda E,6122
Tienda E,2869
Tienda E,4310
Tienda D,8645
Tienda E,8298
Tienda C,4604
Tienda D,5080
Tienda C,1152
Tienda B,3705
Tienda D,7905
Tienda D,1704
Tienda A,3524
Tienda B,4623
Tienda E,3190
Tienda C,6536
Tienda B,1143
Tienda A,8652
Tienda D,2506
Tienda C,914
Tienda B,8836
Tienda E,5676
Tienda D,3616
Tienda B,9921
Tienda E,6778
Tienda B,1781
Tienda D,4283
Tienda B,5681
Tienda D,5234
Tienda A,6836
Tienda B,1325
Tienda D,9483
Tienda A,3822
Tienda B,1468
Tienda A,7246
Tienda E,8351
Tienda C,6528
Tienda B,7868
Tienda E,2808
Tienda B,9146
Tienda B,3899
Tienda C,333
Tienda D,851
Tienda B,2265
Tienda D,156
Tienda E,8481
Tienda E,8673
Tienda C,6459
Tienda A,628
Tienda A,4304
Tienda A,9900
Tienda E,2790
Tienda C,6219
Tienda B,4175
Tienda D,7067
Tienda E,8249
Tienda E,9223
Tienda C,4040
Tienda A,6416
Tienda D,1541
Tienda D,8451
Tienda B,1193
Tienda D,2862
Tienda B,7205
Tienda A,9189
Tienda C,3166
Tienda A,619
Tienda A,3813
Tienda B,1091
Tienda B,2910
Tienda B,9550
Tienda B,7320
Tienda C,2609
Tienda D,8674
Tienda C,7864
Tienda A,1697
Tienda A,6194
Tienda B,1620
Tienda B,285
Tienda E,5365
Tienda D,9063
Tienda C,1409
Tienda B,1112
Tienda A,2055
Tienda C,4534
Tienda B,6499
Tienda A,1964
Tienda B,2917
Tienda E,3362
Tienda D,2286
Tienda C,6583
Tienda A,9606
Tienda A,565
Tienda C,3124
Tienda A,6949
Tienda A,7653
Tienda B,6777
Tienda C,7885
Tienda B,5603
Tienda D,6434
Tienda D,5109
Tienda B,2472
Tienda B,7639
Tienda C,2387
Tienda C,1595
Tienda C,489
Tienda D,3185
Tienda D,4015
Tienda A,7705
Tienda C,2718
Tienda C,3170
Tienda D,7084
Tienda B,1380
Tienda E,1944
Tienda E,232
Tienda D,4821
Tienda B,2199
Tienda A,8307
Tienda B,5144
Tienda B,6364
Tienda C,2449
Tienda B,6522
Tienda A,5155
Tienda C,6770
Tienda C,2051
Tienda C,9501
Tienda E,6009
Tienda C,6326
Tienda A,9218
Tienda C,8247
Tienda E,3649
Tienda D,2059
Tienda C,8056
Tienda D,5536
Tienda C,9817
Tienda C,1432
Tienda A,3598
Tienda E,1261
Tienda B,700
Tienda C,5813
Tienda A,2701
Tienda D,5695
Tienda E,5654
Tienda C,1460
Tienda E,8354
Tienda B,3530
Tienda D,254
Tienda C,5396
Tienda D,2629
Tienda B,1942
Tienda C,4130
Tienda C,5902
Tienda D,9852
Tienda E,2427
Tienda B,7292
Tienda E,5514
Tienda C,2155
Tienda C,6715
Tienda B,7812
Tienda A,5697
Tienda E,8008
Tienda B,1550
Tienda A,4300
Tienda A,110
Tienda C,2556
Tienda E,9815
Tienda D,8604
Tienda D,434
Tienda E,7733
Tienda D,926
Tienda E,2443
Tienda E,4553
Tienda C,9975
Tienda A,8921
Tienda D,128
Tienda E,5553
Tienda C,5342
Tienda A,9282
Tienda A,923
Tienda E,4770
Tienda D,7300
Tienda C,5295
Tienda C,4197
Tienda D,4364
Tienda B,6337
Tienda E,1631
Tienda D,2650
Tienda A,8646
Tienda C,8876
Tienda A,1326
Tienda C,3487
Tienda C,285
Tienda A,9332
Tienda A,3113
Tienda C,6057
Tienda C,7076
Tienda C,486
Tienda C,9385
Tienda D,7591
Tienda D,3913
Tienda C,4647
Tienda C,6687
Tienda A,6070
Tienda A,6287
Tienda B,6000
Tienda B,4362
Tienda E,9023
Tienda B,2483
Tienda B,6473
Tienda E,6018
Tienda B,1429
Tienda D,7539
Tienda D,9373
Tienda D,6639
Tienda E,4640
Tienda B,5573
Tienda C,838
Tienda B,6302
Tienda A,8297
Tienda B,880
Tienda C,4889
Tienda B,3333
Tienda D,2782
Tienda E,6231
Tienda B,6898
Tienda D,1328
Tienda A,2371
Tienda D,5728
Tienda E,8124
Tienda C,9580
Tienda E,5865
Tienda A,8957
Tienda E,6713
Tienda D,7264
Tienda A,9957
Tienda D,8395
Tienda B,9134
Tienda B,9225
Tienda A,6201
Tienda A,836
Tienda A,9311
Tienda D,8075
Tienda A,891
Tienda C,1979
Tienda A,8133
Tienda B,2280
Tienda D,3390
Tienda E,2475
Tienda C,7144
Tienda A,5530
Tienda C,9238
Tienda A,5363
Tienda D,5336
Tienda A,3104
Tienda C,4751
Tienda C,2844
Tienda E,5644
Tienda D,2076
Tienda C,171
Tienda E,2558
Tienda A,9061
Tienda C,3496
Tienda D,3689
Tienda E,2665
Tienda A,8452
Tienda C,3071
Tienda C,9666
Tienda E,6988
Tienda C,7262
Tienda A,7149
Tienda C,9493
Tienda D,8291
Tienda A,1436
Tienda C,4990
Tienda D,9672
Tienda E,9150
Tienda C,4669
Tienda E,2623
Tienda C,1982
Tienda C,6649
Tienda E,1876
Tienda D,586
Tienda B,4430
Tienda E,4484
Tienda D,295
Tienda A,3667
Tienda B,9062
Tienda B,8472
Tienda E,8800
Tienda A,122
Tienda C,3290
Tienda E,4979
Tienda D,2886
Tienda B,5539
Tienda A,852
Tienda C,7450
Tienda C,2876
Tienda B,3781
Tienda A,1911
Tienda C,8392
Tienda E,3991
Tienda E,4508
Tienda E,1848
Tienda A,5625
Tienda E,1357
Tienda B,5300
Tienda B,1295
Tienda A,7521
Tienda D,9218
Tienda B,6566
Tienda C,4805
Tienda D,791
Tienda D,1746
Tienda C,1438
Tienda B,837
Tienda A,3371
Tienda B,752
Tienda D,4011
Tienda A,8233
Tienda A,4279
Tienda B,426
Tienda C,2043
Tienda B,1715
Tienda E,771
Tienda E,7741
Tienda C,5937
Tienda E,6298
Tienda A,1853
Tienda A,875
Tienda A,4178
Tienda C,1367
Tienda D,1472
Tienda C,5954
Tienda D,8680
Tienda A,5109
Tienda B,3748
Tienda C,6872
Tienda C,9518
Tienda E,7652
Tienda C,4486
Tienda A,1712
Tienda A,2460
Tienda B,4088
Tienda A,5945
Tienda D,9422
Tienda A,3509
Tienda C,8515
Tienda C,5082
Tienda E,1700
Tienda D,7280
Tienda D,1393
Tienda D,9945
Tienda D,8352
Tienda C,5127
Tienda A,137
Tienda B,325
Tienda C,3768
Tienda E,8042
Tienda D,881
Tienda D,9303
Tienda B,3396
Tienda E,1277
Tienda D,3972
Tienda B,3902
Tienda A,8275
Tienda E,4580
Tienda A,6957
Tienda E,8956
Tienda D,8337
Tienda C,7107
Tienda E,2835
Tienda C,9204
Tienda A,599
Tienda A,2474
Tienda A,881
Tienda E,6662
Tienda B,4479
Tienda E,4572
Tienda E,9632
Tienda B,5894
Tienda D,9297
Tienda A,5423
Tienda D,1697
Tienda D,1180
Tienda A,1606
Tienda B,7987
Tienda D,6404
Tienda A,8719
Tienda A,3581
Tienda D,5364
Tienda D,1252
Tienda A,6513
Tienda A,4452
Tienda C,6247
Tienda E,1808
Tienda B,2056
Tienda A,3157
Tienda D,3436
Tienda D,942
Tienda B,6590
Tienda D,3600
Tienda B,3212
Tienda D,7523
Tienda C,5785
Tienda C,5346
Tienda C,1522
Tienda D,4170
Tienda E,5295
Tienda D,6945
Tienda E,8585
Tienda A,5546
Tienda B,1571
Tienda E,1775
Tienda D,2632
Tienda E,6593
Tienda A,1393
Tienda E,8369
Tienda C,5354
Tienda B,2170
Tienda A,3624
Tienda E,8913
Tienda A,569
Tienda C,1955
Tienda C,7795
Tienda C,1150
Tienda C,2474
Tienda E,4799
Tienda E,5610
Tienda C,699
Tienda C,2694
Tienda B,1361
Tienda C,336
Tienda B,7491
Tienda D,9652
Tienda D,3270
Tienda B,4252
Tienda B,7444
Tienda C,4999
Tienda A,984
Tienda A,4256
Tienda C,7868
Tienda C,312
Tienda C,4092
Tienda A,2723
Tienda B,4310
Tienda B,8684
Tienda B,5529
Tienda E,8673
Tienda A,4212
Tienda B,2194
Tienda E,4883
Tienda A,6766
Tienda C,6186
Tienda A,6527
Tienda E,8524
Tienda C,4072
Tienda D,4370
Tienda C,3439
Tienda A,484
Tienda C,5842
Tienda E,5646
Tienda E,2173
Tienda D,4744
Tienda D,9701
Tienda D,352
Tienda E,5380
Tienda C,6443
Tienda B,5765
Tienda C,9064
Tienda C,7177
Tienda D,8990
Tienda E,8350
Tienda E,8563
Tienda A,796
Tienda B,1021
Tienda D,3346
Tienda C,5340
Tienda C,6757
Tienda B,9895
Tienda E,9452
Tienda B,1237
Tienda E,398
Tienda A,201
Tienda B,595
Tienda D,1849
Tienda D,425
Tienda B,949
Tienda D,6738
Tienda D,4073
Tienda A,1255
Tienda B,7040
Tienda C,1179
Tienda E,1589
Tienda D,5788
Tienda B,6712
Tienda B,2417
Tienda C,893
Tienda A,8127
Tienda E,5249
Tienda D,6560
Tienda D,8154
Tienda C,3473
Tienda E,3643
Tienda A,6118
Tienda A,3323
Tienda D,6512
Tienda B,3118
Tienda D,5477
Tienda C,5992
Tienda C,3033
Tienda E,5347
Tienda E,5424
Tienda B,2155
Tienda D,1791
Tienda C,1704
Tienda C,4525
Tienda C,1798
Tienda A,1432
Tienda C,6456
Tienda D,9743
Tienda A,249
Tienda E,9333
Tienda B,1371
Tienda C,7342
Tienda C,1271
Tienda D,5883
Tienda C,7298
Tienda B,1915
Tienda E,7115
Tienda A,1586
Tienda B,9484
Tienda E,3790
Tienda A,1578
Tienda D,9671
Tienda B,8143
Tienda D,8281
Tienda B,3911
Tienda E,5514
Tienda D,8916
Tienda C,9080
Tienda E,1234
Tienda B,7744
Tienda D,4108
Tienda C,1266
Tienda B,5067
Tienda E,7951
Tienda E,7606
Tienda A,4274
Tienda A,3665
Tienda B,7757
Tienda E,4122
Tienda B,1034
Tienda B,4575
Tienda C,4312
Tienda E,7500
Tienda D,5196
Tienda A,1230
Tienda C,7469
Tienda B,5291
Tienda E,1689
Tienda E,5494
Tienda E,1928
Tienda D,5313
Tienda A,503
Tienda E,7649
Tienda D,466
Tienda B,1296
Tienda D,6937
Tienda C,9737
Tienda B,1174
Tienda E,3157
Tienda D,4333
Tienda E,3077
Tienda C,311
Tienda D,6351
Tienda C,7251
Tienda E,5504
Tienda E,202
Tienda C,1715
Tienda A,3351
Tienda E,9738
Tienda C,4707
Tienda D,5625
Tienda B,6853
Tienda B,4681
Tienda A,9735
Tienda D,4418
Tienda A,1108
Tienda B,9458
Tienda C,6947
Tienda D,2520
Tienda D,1716
Tienda E,6559
Tienda B,2356
Tienda E,5338
Tienda C,9927
Tienda D,166
Tienda E,8878
Tienda B,5399
Tienda A,6289
Tienda E,2874
Tienda C,5745
Tienda E,7702
Tienda B,9014
Tienda E,2281
Tienda C,3773
Tienda A,9383
Tienda C,6884
Tienda C,8957
Tienda D,9710
Tienda C,7367
Tienda E,8179
Tienda B,9695
Tienda A,6260
Tienda A,5692
Tienda D,3455
Tienda D,9406
Tienda E,5454
Tienda A,7988
Tienda D,2117
Tienda B,9907
Tienda E,3432
Tienda D,9443
Tienda C,1357
Tienda E,5251
Tienda A,6526
Tienda E,4569
Tienda B,2906
Tienda C,9812
Tienda B,4621
Tienda E,818
Tienda B,1880
Tienda B,4581
Tienda C,156
Tienda C,7831
Tienda C,6288
Tienda E,1052
Tienda B,889
Tienda C,979
Tienda D,8307
Tienda B,1285
Tienda E,998
Tienda A,4520
Tienda C,7740
Tienda E,3850
Tienda D,5624
Tienda B,7672
Tienda C,3080
Tienda C,5081
Tienda D,7456
Tienda D,1518
Tienda A,7792
Tienda D,6272
Tienda B,3573
Tienda A,6900
Tienda B,5203
Tienda B,385
Tienda D,6690
Tienda C,1567
Tienda E,5169
Tienda D,6956
Tienda E,3547
Tienda E,6811
Tienda A,9926
Tienda E,1493
Tienda A,3232
Tienda D,3144
Tienda B,2503
Tienda C,6731
Tienda C,8456
Tienda B,5428
Tienda A,2529
Tienda B,8420
Tienda B,3364
Tienda B,5742
Tienda D,8767
Tienda A,8186
Tienda E,6300
Tienda D,5547
Tienda D,4915
Tienda C,2469
Tienda A,7250
Tienda A,2985
Tienda E,9517
Tienda D,4106
Tienda D,2404
Tienda C,6086
Tienda B,5444
Tienda C,5744
Tienda A,6352
Tienda D,7107
Tienda D,3879
Tienda D,1712
Tienda B,6437
Tienda D,7618
Tienda E,4413
Tienda D,9242
Tienda E,1097
Tienda A,2794
Tienda D,3805
Tienda B,4869
Tienda B,9607
Tienda E,5412
Tienda C,516
Tienda C,5325
Tienda E,3685
Tienda D,3394
Tienda B,7464
Tienda A,2906
Tienda B,9757
Tienda C,7662
Tienda B,3311
Tienda A,3949
Tienda A,9115
Tienda D,5472
Tienda B,2524
Tienda D,6245
Tienda E,6789
Tienda C,9471
Tienda B,730
Tienda E,5060
Tienda A,6868
Tienda D,4873
Tienda E,8373
Tienda D,3148
Tienda D,1958
Tienda E,3112
Tienda C,8882
Tienda D,3431
Tienda B,6988
Tienda B,256
Tienda C,3602
Tienda A,6847
Tienda E,1551
Tienda A,8900
Tienda A,7631
Tienda B,404
Tienda C,9615
Tienda C,9247
Tienda A,3013
Tienda D,5691
Tienda C,8364
Tienda B,8864
Tienda D,650
Tienda D,4097
Tienda B,8762
Tienda E,2432
Tienda C,8442
Tienda C,9555
Tienda E,8132
Tienda A,7884
Tienda E,563
Tienda E,1010
Tienda D,5983
Tienda A,357
Tienda E,3630
Tienda B,8352
Tienda C,1845
Tienda E,8388
Tienda A,1080
Tienda C,3160
Tienda B,6702
Tienda C,6258
Tienda A,6328
Tienda D,1283
Tienda B,421
Tienda E,7374
Tienda C,9218
Tienda C,127
Tienda B,5074
Tienda B,269
Tienda C,3688
Tienda E,9578
Tienda B,6905
Tienda E,7742
Tienda A,1317
Tienda E,1198
Tienda E,9563
Tienda A,5566
Tienda E,8563
Tienda B,9439
Tienda E,8137
Tienda D,9129
Tienda C,986
Tienda B,5916
Tienda B,1210
Tienda A,3142
Tienda B,6626
Tienda D,6252
Tienda A,7593
Tienda A,1850
Tienda E,4106
Tienda B,1525
Tienda C,8680
Tienda E,5776
Tienda D,7737
Tienda D,8759
Tienda C,4727
Tienda A,7969
Tienda D,8149
Tienda E,9687
Tienda E,6860
Tienda B,5563
Tienda A,2078
Tienda B,6967
Tienda B,5019
Tienda C,4793
Tienda A,1423
Tienda B,8152
Tienda C,2556
Tienda A,9182
Tienda C,4198
Tienda B,3606
Tienda C,8438
Tienda B,9664
Tienda A,7157
Tienda B,1308
Tienda D,126
Tienda A,8689
Tienda E,8862
Tienda A,1717
Tienda C,1939
Tienda C,9663
Tienda C,9105
Tienda A,503
Tienda D,4185
Tienda A,9163
Tienda C,535
Tienda D,8131
Tienda E,1025
Tienda E,1930
Tienda C,4808
Tienda E,9702
Tienda E,2054
Tienda A,7158
Tienda B,7309
Tienda C,8188
Tienda E,3628
Tienda D,5463
Tienda C,6071
Tienda B,3222
Tienda D,1877
Tienda B,134
Tienda B,5336
Tienda B,6704
Tienda B,3332
Tienda C,5744
Tienda D,7219
Tienda A,8090
Tienda B,7537
Tienda E,1863
Tienda A,4275
Tienda B,9992
Tienda D,2337
Tienda A,5415
Tienda C,1889
Tienda A,1716
Tienda A,7845
Tienda C,2917
Tienda B,3271
Tienda D,6488
Tienda D,3747
Tienda D,6829
Tienda A,9863
Tienda B,5471
Tienda C,2522
Tienda C,1774
Tienda B,3810
Tienda E,710
Tienda B,4823
Tienda C,5116
Tienda C,1071
Tienda D,2998
Tienda E,8557
Tienda B,9965
Tienda B,1520
Tienda A,4054
Tienda E,4308
Tienda B,2078
Tienda E,1075
Tienda E,2264
Tienda B,4806
Tienda C,746
Tienda C,9569
Tienda B,3060
Tienda C,1906
Tienda A,9470
Tienda D,4648
Tienda A,8483
Tienda C,587
Tienda D,2211
Tienda A,3963
Tienda D,7589
Tienda A,5729
Tienda D,4072
Tienda D,1107
Tienda C,9205
Tienda A,3303
Tienda E,219
Tienda E,5881
Tienda C,5372
Tienda E,4279
Tienda E,3274
Tienda D,3458
Tienda D,4000
Tienda D,9868
Tienda D,5586
Tienda A,1342
Tienda B,403
Tienda A,2067
Tienda C,4632
Tienda D,515
Tienda D,401
Tienda C,3260
Tienda B,3421
Tienda B,4025
Tienda E,5374
Tienda C,3757
Tienda C,5245
Tienda B,2932
Tienda C,7987
Tienda B,6178
Tienda D,8253
Tienda B,6729
Tienda E,3084
Tienda C,9968
Tienda A,8231
Tienda A,6876
Tienda E,2363
Tienda D,4798
Tienda E,4455
Tienda E,9013
Tienda A,9872
Tienda C,7612
Tienda E,5547
Tienda A,8646
Tienda D,9753
Tienda E,6241
Tienda D,3243
Tienda E,9845
Tienda A,7462
Tienda C,1541
Tienda A,4206
Tienda B,2973
Tienda E,7249
Tienda A,3509
Tienda A,5555
Tienda D,5684
Tienda C,290
Tienda B,6183
Tienda E,7119
Tienda E,6303
Tienda D,640
Tienda C,7864
Tienda E,5915
Tienda E,9310
Tienda B,7004
Tienda E,5384
Tienda E,2132
Tienda A,5009
Tienda D,3556
Tienda A,4373
Tienda E,8697
Tienda D,3929
Tienda E,2352
Tienda E,1912
Tienda D,1426
Tienda B,1082
Tienda C,5377
Tienda E,8196
Tienda D,6611
Tienda A,1365
Tienda E,2322
Tienda C,5687
Tienda C,7007
Tienda E,1261
Tienda E,9927
Tienda D,4822
Tienda E,6315
Tienda C,1810
Tienda C,2034
Tienda D,6670
Tienda C,2508
Tienda E,5822
Tienda B,9746
Tienda B,632
Tienda E,9223
Tienda B,7431
Tienda D,6167
Tienda C,7919
Tienda E,2604
Tienda A,1883
Tienda E,4349
Tienda D,9670
Tienda E,3328
Tienda D,6707
Tienda D,3086
Tienda E,3055
Tienda A,2496
Tienda C,313
Tienda E,5690
Tienda B,206
Tienda E,5666
Tienda E,876
Tienda E,4715
Tienda C,3445
Tienda A,1471
Tienda E,497
Tienda A,4777
Tienda B,8773
Tienda C,1325
Tienda A,5827
Tienda E,351
Tienda A,6462
Tienda E,4630
Tienda C,676
Tienda C,1463
Tienda D,4499
Tienda B,2706
Tienda B,5693
Tienda D,2360
Tienda B,1253
Tienda E,4926
Tienda D,4131
Tienda E,6230
Tienda D,5563
Tienda B,6199
Tienda A,4225
Tienda A,5963
Tienda B,9521
Tienda A,673
Tienda C,1537
Tienda A,1128
Tienda D,1026
Tienda B,2140
Tienda A,4880
Tienda E,5400
Tienda D,1831
Tienda D,3818
Tienda E,7361
Tienda B,3704
Tienda D,6923
Tienda D,8861
Tienda C,1315
Tienda A,2217
Tienda C,5141
Tienda C,5559
Tienda A,2839
Tienda A,1164
Tienda A,1270
Tienda C,3830
Tienda C,5094
Tienda A,3317
Tienda C,7953
Tienda E,2402
Tienda E,6443
Tienda D,8668
Tienda C,1594
Tienda C,137
Tienda E,1397
Tienda A,5206
Tienda D,7767
Tienda D,3469
Tienda D,1485
Tienda A,2212
Tienda B,8408
Tienda D,944
Tienda D,1406
Tienda A,5190
Tienda D,7725
Tienda B,5283
Tienda B,7514
Tienda E,6445
Tienda E,2138
Tienda D,9034
Tienda B,6466
Tienda E,6011
Tienda A,2820
Tienda C,7954
Tienda C,7491
Tienda B,6528
Tienda A,9054
Tienda A,7005
Tienda A,8653
Tienda E,7200
Tienda E,261
Tienda E,2319
Tienda B,6697
Tienda A,8300
Tienda E,4474
Tienda D,9113
Tienda C,3226
Tienda C,9444
Tienda C,8961
Tienda B,9477
Tienda E,7928
Tienda D,3567
Tienda B,7888
Tienda B,1903
Tienda B,2293
Tienda C,6230
Tienda C,9006
Tienda C,4968
Tienda C,3444
Tienda C,4144
Tienda E,2107
Tienda A,6393
Tienda B,2058
Tienda D,8954
Tienda C,7179
Tienda B,3812
Tienda D,6145
Tienda E,5600
Tienda B,6172
Tienda C,258
Tienda D,519
Tienda C,5577
Tienda D,3284
Tienda D,4348
Tienda B,9608
Tienda B,240
Tienda E,9546
Tienda E,589
Tienda C,1151
Tienda C,1858
Tienda A,489
Tienda C,217
Tienda C,1066
Tienda E,2980
Tienda B,9462
Tienda B,8369
Tienda D,5294
Tienda E,9111
Tienda D,8722
Tienda D,7317
Tienda E,131
Tienda A,3012
Tienda E,7802
Tienda E,5677
Tienda C,393
Tienda C,1332
Tienda E,7110
Tienda C,1819
Tienda C,5623
Tienda C,2381
Tienda E,7254
Tienda C,4643
Tienda A,5608
Tienda A,147
Tienda D,696
Tienda A,271
Tienda B,2869
Tienda D,3743
Tienda E,9079
Tienda B,285
Tienda A,4836
Tienda B,5686
Tienda A,9607
Tienda A,4309
Tienda D,191
Tienda C,4710
Tienda E,2607
Tienda C,6138
Tienda C,4517
Tienda A,1163
Tienda D,9256
Tienda E,1264
Tienda A,7996
Tienda B,4447
Tienda D,4441
Tienda E,1599
Tienda B,274
Tienda D,4085
Tienda E,5888
Tienda C,1694
Tienda A,2592
Tienda A,3901
Tienda C,1407
Tienda D,8461
Tienda C,8233
Tienda E,1940
Tienda B,1053
Tienda D,5840
Tienda B,5311
Tienda C,4662
Tienda B,8778
Tienda A,6061
Tienda D,3409
Tienda C,1319
Tienda E,4721
Tienda A,9186
Tienda D,5667
Tienda B,6333
Tienda B,5897
Tienda C,5432
Tienda D,7254
Tienda B,4292
Tienda C,4522
Tienda A,5711
Tienda C,615
Tienda A,7931
Tienda D,8697
Tienda E,9446
Tienda D,9473
Tienda C,671
Tienda C,9574
Tienda A,3617
Tienda B,893
Tienda D,1168
Tienda D,1150
Tienda E,485
Tienda C,1317
Tienda A,5239
Tienda A,9628
Tienda C,8051
Tienda C,1966
Tienda D,3947
Tienda A,4821
Tienda B,2294
Tienda E,7182
Tienda C,4027
Tienda B,4292
Tienda D,1296
Tienda A,7175
Tienda A,2145
Tienda E,6045
Tienda D,7952
Tienda A,9073
Tienda B,1712
Tienda A,9370
Tienda C,6753
Tienda A,5385
Tienda D,3300
Tienda B,246
Tienda E,7268
Tienda A,5914
Tienda E,9498
Tienda B,4470
Tienda D,9975
Tienda D,8792
Tienda E,9153
Tienda E,2783
Tienda D,5502
Tienda A,496
Tienda A,4960
Tienda E,2051
Tienda B,7741
Tienda E,9898
Tienda E,5924
Tienda B,7594
Tienda C,2442
Tienda C,3770
Tienda B,6326
Tienda B,9426
Tienda D,2952
Tienda D,4902
Tienda C,4060
Tienda B,2217
Tienda B,2748
Tienda E,1500
Tienda E,5775
Tienda D,7143
Tienda E,3790
Tienda D,2954
Tienda A,7173
Tienda D,9288
Tienda A,8364
Tienda E,8983
Tienda A,6533
Tienda C,8919
Tienda C,6577
Tienda A,6914
Tienda A,6768
Tienda B,3570
Tienda C,8230
Tienda E,3571
Tienda C,3591
Tienda C,4677
Tienda D,4609
Tienda B,6522
Tienda A,869
Tienda B,5010
Tienda C,4363
Tienda B,9259
Tienda D,4474
Tienda B,8707
Tienda C,1789
Tienda C,776
Tienda B,4321
Tienda B,8264
Tienda B,1918
Tienda C,3512
Tienda D,791
Tienda D,4303
Tienda D,8669
Tienda D,8672
Tienda C,7085
Tienda A,6498
Tienda E,3854
Tienda C,8944
Tienda B,296
Tienda D,1759
Tienda E,658
Tienda C,3308
Tienda B,9305
Tienda D,7887
Tienda A,2586
Tienda D,6846
Tienda B,3170
Tienda B,4807
Tienda E,4993
Tienda C,4955
Tienda A,6424
Tienda A,7083
Tienda B,7122
Tienda C,8381
Tienda D,159
Tienda B,5674
Tienda E,4602
Tienda E,5811
Tienda B,225
Tienda D,7536
Tienda C,1126
Tienda A,7151
Tienda E,3253
Tienda D,4662
Tienda C,5083
Tienda C,6756
Tienda B,8633
Tienda D,7157
Tienda E,1365
Tienda B,3918
Tienda C,9024
Tienda D,2282
Tienda B,2648
Tienda B,4242
Tienda C,5967
Tienda E,2530
Tienda B,2037
Tienda A,4542
Tienda A,8658
Tienda E,1113
Tienda E,4249
Tienda B,2548
Tienda D,9485
Tienda E,7773
Tienda D,1236
Tienda A,549
Tienda C,9460
Tienda E,7393
Tienda C,2913
Tienda D,8234
Tienda A,559
Tienda E,764
Tienda D,4626
Tienda B,4034
Tienda D,1708
Tienda C,7966
Tienda A,6291
Tienda C,6072
Tienda C,8284
Tienda C,6681
Tienda C,5610
Tienda E,5714
Tienda D,7995
Tienda A,6922
Tienda D,630
Tienda D,3829
Tienda D,5583
Tienda C,9028
Tienda C,8830
Tienda D,951
Tienda A,423
Tienda B,4967
Tienda B,2774
Tienda E,3493
Tienda B,6192
Tienda E,6133
Tienda C,1962
Tienda E,3866
Tienda E,3600
Tienda D,4053
Tienda D,6298
Tienda A,6877
Tienda D,2007
Tienda B,3272
Tienda B,5101
Tienda E,4485
Tienda A,9547
Tienda A,5496
Tienda C,5715
Tienda A,2079
Tienda D,2014
Tienda E,9739
Tienda A,8590
Tienda C,7373
Tienda B,3017
Tienda B,3053
Tienda B,8402
Tienda C,1844
Tienda C,4519
Tienda D,5787
Tienda D,5961
Tienda A,4692
Tienda B,3531
Tienda B,8872
Tienda D,7135
Tienda D,2775
Tienda A,4574
Tienda A,1907
Tienda A,1042
Tienda D,2213
Tienda D,2828
Tienda E,6949
Tienda D,3085
Tienda B,4926
Tienda D,6353
Tienda B,8284
Tienda C,9978
Tienda A,7304
Tienda C,7147
Tienda B,737
Tienda A,1425
Tienda D,1797
Tienda E,3894
Tienda D,670
Tienda A,5017
Tienda E,7047
Tienda C,627
Tienda E,9924
Tienda C,952
Tienda A,2404
Tienda C,4290
Tienda C,7828
Tienda C,1732
Tienda C,8266
Tienda A,2409
Tienda D,2459
Tienda C,9063
Tienda B,6023
Tienda A,5573
Tienda C,2520
Tienda E,5282
Tienda D,4016
Tienda C,4991
Tienda A,881
Tienda E,3435
Tienda E,7842
Tienda E,5382
Tienda C,5718
Tienda B,9969
Tienda A,1442
Tienda B,8151
Tienda B,4204
Tienda B,6594
Tienda D,3479
Tienda D,3479
Tienda E,6211
Tienda C,7723
Tienda B,3285
Tienda A,2346
Tienda B,7095
Tienda D,511
Tienda D,5280
Tienda D,8068
Tienda A,3259
Tienda C,5769
Tienda D,6602
Tienda A,3239
Tienda D,1752
Tienda B,1134
Tienda A,7911
Tienda E,8786
Tienda B,2259
Tienda B,9668
Tienda A,1022
Tienda D,3191
Tienda E,5534
Tienda D,7974
Tienda D,5153
Tienda A,8451
Tienda E,6911
Tienda B,8278
Tienda B,6756
Tienda A,2801
Tienda D,229
Tienda D,9528
Tienda D,7391
Tienda C,4879
Tienda A,6003
Tienda C,499
Tienda D,8145
Tienda D,4862
Tienda E,9525
Tienda D,6059
Tienda B,6850
Tienda D,6272
Tienda E,8253
Tienda E,1204
Tienda C,1017
Tienda E,6819
Tienda B,6145
Tienda E,6804
Tienda A,3044
Tienda D,9540
Tienda E,6351
Tienda B,8520
Tienda E,3515
Tienda D,8607
Tienda B,9184
Tienda E,167
Tienda B,7257
Tienda B,4732
Tienda A,374
Tienda B,9400
Tienda B,9779
Tienda D,3372
Tienda E,4854
Tienda B,8603
Tienda E,7385
Tienda E,8128
Tienda D,3391
Tienda B,3566
Tienda D,476
Tienda B,312
Tienda D,4936
Tienda C,6284
Tienda A,1013
Tienda D,1007
Tienda D,7422
Tienda C,2798
Tienda A,5417
Tienda B,3988
Tienda E,9729
Tienda A,1371
Tienda D,9338
Tienda A,3092
Tienda C,8368
Tienda E,3451
Tienda B,2860
Tienda D,3943
Tienda B,981
Tienda A,9757
Tienda C,1807
Tienda C,2006
Tienda E,5629
Tienda D,8177
Tienda E,5839
Tienda C,2561
Tienda C,9934
Tienda B,6166
Tienda D,4592
Tienda E,5470
Tienda A,8744
Tienda C,1880
Tienda D,8542
Tienda C,2819
Tienda B,8862
Tienda C,1714
Tienda B,7091
Tienda A,7573
Tienda E,1081
Tienda D,7929
Tienda D,7802
Tienda A,8969
Tienda E,6883
Tienda A,6910
Tienda B,880
Tienda A,6822
Tienda D,2107
Tienda A,7321
Tienda C,1326
Tienda D,4508
Tienda A,522
Tienda D,2958
Tienda E,4584
Tienda D,331
Tienda B,3269
Tienda D,9614
Tienda D,6288
Tienda A,243
Tienda D,6429
Tienda D,6884
Tienda C,6486
Tienda A,8931
Tienda E,6383
Tienda A,749
Tienda A,3740
Tienda D,269
Tienda D,2398
Tienda A,3354
Tienda D,7928
Tienda D,808
Tienda B,3877
Tienda A,3894
Tienda A,9197
Tienda C,8428
Tienda A,9468
Tienda C,6776
Tienda A,6508
Tienda B,8745
Tienda B,2741
Tienda B,7295
Tienda A,2576
Tienda B,2679
Tienda A,5877
Tienda E,9025
Tienda B,3242
Tienda A,558
Tienda B,8265
Tienda A,9584
Tienda C,4028
Tienda B,6708
Tienda E,7848
Tienda A,6191
Tienda B,3713
Tienda C,2913
Tienda A,8739
Tienda A,8551
Tienda E,8841
Tienda C,1460
Tienda C,7047
Tienda A,6821
Tienda B,2722
Tienda A,2180
Tienda E,6582
Tienda E,1753
Tienda B,5932
Tienda C,6665
Tienda D,8126
Tienda D,2354
Tienda A,8633
Tienda A,8917
Tienda E,3267
Tienda B,9592
Tienda C,6327
Tienda E,7287
Tienda A,9542
Tienda C,7309
Tienda E,2573
Tienda D,6701
Tienda B,1496
Tienda D,8802
Tienda C,6215
Tienda A,3160
Tienda E,8319
Tienda B,5008
Tienda E,7284
Tienda A,8617
Tienda B,2577
Tienda D,4666
Tienda A,7952
Tienda C,8334
Tienda B,6725
Tienda A,184
Tienda B,9015
Tienda C,9744
Tienda A,5379
Tienda D,196
Tienda E,7096
Tienda B,9731
Tienda E,500
Tienda A,7441
Tienda A,7654
Tienda E,2344
Tienda E,998
Tienda B,7980
Tienda E,4559
Tienda A,7691
Tienda A,8593
Tienda E,492
Tienda B,8725
Tienda D,9569
Tienda C,1301
Tienda D,8178
Tienda A,4228
Tienda A,7029
Tienda B,1542
Tienda B,5809
Tienda D,5663
Tienda E,9119
Tienda A,8389
Tienda A,9026
Tienda D,1060
Tienda B,3473
Tienda C,2442
Tienda E,6449
Tienda B,6675
Tienda B,1199
Tienda A,2981
Tienda E,295
Tienda D,8575
Tienda A,1899
Tienda D,2262
Tienda B,9895
Tienda C,2594
Tienda A,8767
Tienda B,7705
Tienda C,9526
Tienda A,9303
Tienda D,4935
Tienda C,7871
Tienda C,7010
Tienda C,7628
Tienda C,3145
Tienda C,3461
Tienda B,1106
Tienda E,8546
Tienda E,7716
Tienda A,7157
Tienda B,3361
Tienda A,1827
Tienda C,475
Tienda C,2223
Tienda D,9639
Tienda A,3988
Tienda B,1699
Tienda D,378
Tienda E,9917
Tienda A,5222
Tienda B,3299
Tienda E,7704
Tienda B,3059
Tienda B,4883
Tienda E,7140
Tienda B,3750
Tienda C,4997
Tienda D,7194
Tienda A,5800
Tienda A,2214
Tienda B,5552
Tienda D,1099
Tienda B,297
Tienda C,4311
Tienda A,2839
Tienda A,710
Tienda A,5541
Tienda B,6663
Tienda E,5785
Tienda D,196
Tienda C,2490
Tienda C,8260
Tienda C,2765
Tienda E,6980
Tienda A,7792
Tienda A,7492
Tienda D,3533
Tienda E,3605
Tienda B,556
Tienda E,3235
Tienda D,5181
Tienda B,9462
Tienda D,1860
Tienda E,9814
Tienda E,5239
Tienda D,8865
Tienda D,8893
Tienda A,2623
Tienda C,6184
Tienda B,1672
Tienda E,422
Tienda C,2927
Tienda E,6598
Tienda A,2762
Tienda A,8386
Tienda A,5847
Tienda A,2609
Tienda A,8351
Tienda C,4974
Tienda E,4343
Tienda D,897
Tienda C,1952
Tienda A,6953
Tienda B,9090
Tienda E,6732
Tienda B,4565
Tienda B,3884
Tienda D,218
Tienda A,7490
Tienda D,4001
Tienda D,5987
Tienda D,8599
Tienda C,7646
Tienda D,2584
Tienda C,4032
Tienda C,5459
Tienda B,8626
Tienda A,2155
Tienda C,6374
Tienda D,3270
Tienda A,1033
Tienda B,8604
Tienda B,3262
Tienda A,8168
Tienda D,1680
Tienda E,1106
Tienda A,449
Tienda B,8205
Tienda B,1797
Tienda A,7324
Tienda A,3511
Tienda A,5430
Tienda E,7153
Tienda A,5126
Tienda D,2855
Tienda E,2007
Tienda D,498
Tienda B,3452
Tienda B,3997
Tienda C,7203
Tienda D,9010
Tienda B,2690
Tienda E,7964
Tienda E,7455
Tienda C,4260
Tienda D,4913
Tienda B,9146
Tienda B,2572
Tienda E,8514
Tienda B,2809
Tienda C,5943
Tienda B,9278
Tienda E,3505
Tienda D,5771
Tienda C,275
Tienda A,714
Tienda C,4665
Tienda C,3548
Tienda B,8420
Tienda E,226
Tienda A,3644
Tienda C,5366
Tienda B,8722
Tienda D,1866
Tienda C,8228
Tienda E,5388
Tienda C,8006
Tienda D,8227
Tienda E,6319
Tienda D,7550
Tienda D,8788
Tienda A,6869
Tienda B,2634
Tienda B,3410
Tienda E,9149
Tienda D,9138
Tienda C,7915
Tienda B,7873
Tienda E,2486
Tienda A,1538
Tienda E,6692
Tienda C,2897
Tienda C,9491
Tienda E,7338
Tienda A,9835
Tienda E,6751
Tienda C,3415
Tienda B,4117
Tienda C,9979
Tienda B,6421
Tienda C,2178
Tienda B,414
Tienda E,9250
Tienda A,5419
Tienda A,8973
Tienda E,9189
Tienda A,5012
Tienda A,5332
Tienda B,6845
Tienda A,7475
Tienda E,7793
Tienda E,4453
Tienda E,3090
Tienda B,470
Tienda A,7940
Tienda E,1183
Tienda A,6145
Tienda D,1780
Tienda B,8737
Tienda A,5606
Tienda C,4226
Tienda E,3697
Tienda E,3534
Tienda B,4416
Tienda E,957
Tienda A,4425
Tienda A,7589
Tienda E,6586
Tienda B,673
Tienda E,2353
Tienda D,1895
Tienda C,605
Tienda B,3986
Tienda E,369
Tienda A,1249
Tienda E,5194
Tienda B,2907
Tienda B,8849
Tienda D,4681
Tienda B,8286
Tienda A,4478
Tienda C,1560
Tienda B,8194
Tienda E,3069
Tienda D,7807
Tienda D,210
Tienda E,5731
Tienda E,5834
Tienda D,4521
Tienda E,7740
Tienda E,2958
Tienda B,9717
Tienda B,8330
Tienda D,5434
Tienda E,9826
Tienda D,6391
Tienda B,2016
Tienda E,965
Tienda E,9767
Tienda D,4353
Tienda A,5758
Tienda B,225
Tienda E,5516
Tienda B,8778
Tienda B,7459
Tienda D,6759
Tienda C,1219
Tienda E,7580
Tienda E,1532
Tienda B,1537
Tienda E,5347
Tienda E,659
Tienda A,6189
Tienda A,565
Tienda E,8737
Tienda B,4454
Tienda C,1993
Tienda A,3489
Tienda D,5963
Tienda C,5119
Tienda B,5060
Tienda B,4349
Tienda D,1031
Tienda C,8452
Tienda E,8422
Tienda B,719
Tienda D,7230
Tienda D,981
Tienda C,1208
Tienda C,5136
Tienda A,994
Tienda B,6592
Tienda B,5110
Tienda D,1042
Tienda A,1255
Tienda C,8267
Tienda E,7327
Tienda B,6103
Tienda D,1000
Tienda A,2831
Tienda B,2956
Tienda A,1291
Tienda D,4474
Tienda D,3736
Tienda E,9442
Tienda D,140
Tienda A,1079
Tienda B,4072
Tienda B,7063
Tienda A,9517
Tienda D,9592
Tienda D,7440
Tienda A,2103
Tienda D,7545
Tienda C,2234
Tienda D,5986
Tienda C,9898
Tienda C,5299
Tienda D,4216
Tienda C,6544
Tienda D,5778
Tienda B,6578
Tienda B,4297
Tienda B,5135
Tienda D,3013
Tienda E,7709
Tienda A,9844
Tienda C,7528
Tienda A,6990
Tienda D,2673
Tienda B,9624
Tienda B,4323
Tienda E,6577
Tienda B,5441
Tienda C,2845
Tienda D,9876
Tienda A,3775
Tienda D,1030
Tienda E,3425
Tienda C,7643
Tienda B,1173
Tienda B,9955
Tienda A,1762
Tienda E,2542
Tienda D,755
Tienda E,6255
Tienda D,6254
Tienda D,4030
Tienda D,8333
Tienda E,1308
Tienda C,5672
Tienda D,6147
Tienda A,8450
Tienda A,9803
Tienda C,3137
Tienda E,1135
Tienda E,1219
Tienda D,3171
Tienda C,2908
Tienda D,7540
Tienda D,9351
Tienda B,6449
Tienda B,8130
Tienda A,8397
Tienda E,8912
Tienda B,1591
Tienda C,295
Tienda E,7170
Tienda C,3144
Tienda A,6151
Tienda E,5570
Tienda C,8562
Tienda D,7262
Tienda E,1227
Tienda C,6516
Tienda B,9160
Tienda E,1015
Tienda D,3198
Tienda B,564
Tienda C,7037
Tienda D,4400
Tienda C,7161
Tienda D,6438
Tienda C,6617
Tienda B,8764
Tienda A,2094
Tienda A,1722
Tienda D,2467
Tienda D,8306
Tienda D,4889
Tienda E,3756
Tienda C,8798
Tienda C,7108
Tienda E,1336
Tienda D,7237
Tienda A,8411
Tienda E,3467
Tienda C,1059
Tienda A,6759
Tienda A,4425
Tienda B,4616
Tienda A,6465
Tienda D,3008
Tienda C,6143
Tienda A,4553
Tienda E,1283
Tienda E,8116
Tienda C,4574
Tienda E,723
Tienda C,3988
Tienda C,3280
Tienda C,9910
Tienda C,5148
Tienda E,2215
Tienda A,1367
Tienda C,1012
Tienda E,3232
Tienda A,2578
Tienda A,3763
Tienda C,6633
Tienda C,2385
Tienda D,2302
Tienda D,2484
Tienda E,5778
Tienda E,2913
Tienda E,2092
Tienda A,1560
Tienda A,1975
Tienda C,5118
Tienda C,3623
Tienda A,4215
Tienda E,2556
Tienda B,2528
Tienda C,8440
Tienda B,5400
Tienda C,5345
Tienda B,5174
Tienda B,8410
Tienda C,6282
Tienda B,8490
Tienda C,7178
Tienda A,8479
Tienda D,9554
Tienda E,5464
Tienda B,4296
Tienda D,6983
Tienda C,1585
Tienda C,8073
Tienda A,6664
Tienda D,4264
Tienda B,7935
Tienda C,7829
Tienda E,9693
Tienda C,7719
Tienda E,8691
Tienda C,6912
Tienda B,7979
Tienda B,2192
Tienda E,2879
Tienda A,9696
Tienda E,8786
Tienda C,7848
Tienda A,5102
Tienda B,909
Tienda C,630
Tienda C,7273
Tienda B,6475
Tienda D,7426
Tienda D,9274
Tienda C,884
Tienda C,8473
Tienda B,2642
Tienda C,2168
Tienda E,6991
Tienda B,827
Tienda C,9976
Tienda A,2579
Tienda E,9413
Tienda E,6200
Tienda B,1967
Tienda B,1927
Tienda C,6599
Tienda E,8131
Tienda C,2218
Tienda B,751
Tienda D,3881
Tienda A,6787
Tienda C,4377
Tienda C,9891
Tienda E,317
Tienda A,3602
Tienda A,8105
Tienda B,5737
Tienda B,9266
Tienda D,1701
Tienda E,5277
Tienda A,7337
Tienda C,5789
Tienda B,6768
Tienda A,9679
Tienda A,282
Tienda A,9017
Tienda E,206
Tienda B,2464
Tienda C,9017
Tienda D,7294
Tienda E,6768
Tienda D,8527
Tienda E,3847
Tienda C,5740
Tienda D,6552
Tienda B,3760
Tienda C,6302
Tienda B,6008
Tienda C,3283
Tienda E,7384
Tienda C,2372
Tienda C,8712
Tienda E,7394
Tienda C,7801
Tienda A,2021
Tienda B,6269
Tienda B,486
Tienda D,1739
Tienda A,6020
Tienda E,7425
Tienda B,6496
Tienda A,6782
Tienda D,775
Tienda A,371
Tienda D,5371
Tienda E,4742
Tienda C,8476
Tienda E,6629
Tienda E,5597
Tienda C,835
Tienda B,2472
Tienda D,8578
Tienda B,3623
Tienda D,5063
Tienda C,8023
Tienda E,9448
Tienda D,3156
Tienda E,5709
Tienda D,8607
Tienda C,113
Tienda B,7607
Tienda C,2576
Tienda A,3775
Tienda B,5680
Tienda C,3606
Tienda B,6601
Tienda D,8508
Tienda E,9367
Tienda C,5543
Tienda B,5872
Tienda C,4135
Tienda A,8491
Tienda E,5262
Tienda D,4963
Tienda A,7924
Tienda B,5610
Tienda C,8713
Tienda D,6519
Tienda B,3336
Tienda A,607
Tienda B,3889
Tienda D,9519
Tienda B,4770
Tienda D,6362
Tienda C,2653
Tienda A,8798
Tienda E,5070
Tienda B,5937
Tienda D,771
Tienda B,7425
Tienda A,4263
Tienda E,729
Tienda E,626
Tienda E,3542
Tienda C,681
Tienda A,3738
Tienda D,7900
Tienda C,5589
Tienda E,9324
Tienda A,7517
Tienda B,7799
Tienda B,5078
Tienda D,4922
Tienda E,9791
Tienda D,7186
Tienda B,5935
Tienda D,6446
Tienda C,2335
Tienda C,1568
Tienda E,221
Tienda D,4372
Tienda E,3617
Tienda C,3384
Tienda E,6941
Tienda D,5222
Tienda D,4344
Tienda C,4828
Tienda A,3859
Tienda B,8136
Tienda A,1032
Tienda E,4829
Tienda C,6115
Tienda E,5819
Tienda E,5708
Tienda D,1037
Tienda E,6641
Tienda D,1801
Tienda B,121
Tienda D,1052
Tienda D,6753
Tienda B,9736
Tienda D,3017
Tienda E,4272
Tienda E,5421
Tienda A,7672
Tienda B,5660
Tienda B,9652
Tienda A,3825
Tienda B,532
Tienda E,4902
Tienda E,7406
Tienda D,9083
Tienda B,5690
Tienda D,2584
Tienda C,7909
Tienda C,2667
Tienda E,9382
Tienda E,4733
Tienda B,1186
Tienda D,5641
Tienda D,9876
Tienda B,4043
Tienda D,2400
Tienda B,3351
Tienda B,6617
Tienda C,3149
Tienda D,6316
Tienda D,6284
Tienda D,6636
Tienda E,8195
Tienda A,8742
Tienda E,5208
Tienda B,4988
Tienda E,3364
Tienda E,9151
Tienda A,9221
Tienda B,8295
Tienda D,6991
Tienda C,6302
Tienda C,7750
Tienda B,8743
Tienda B,4169
Tienda B,7243
Tienda D,4580
Tienda C,146
Tienda D,3196
Tienda A,6118
Tienda E,4803
Tienda B,8260
Tienda C,5149
Tienda B,7446
Tienda E,8422
Tienda E,8355
Tienda C,2493
Tienda D,8665
Tienda D,7560
Tienda E,8878
Tienda E,6203
Tienda B,549
Tienda A,1607
Tienda A,7318
Tienda A,4586
Tienda A,9500
Tienda E,8246
Tienda C,1957
Tienda E,1373
Tienda E,5306
Tienda A,8542
Tienda C,6470
Tienda E,9919
Tienda B,3406
Tienda B,7115
Tienda B,2640
Tienda E,4351
Tienda E,115
Tienda D,4822
Tienda C,1510
Tienda C,5956
Tienda B,9188
Tienda A,4558
Tienda D,3947
Tienda C,3141
Tienda B,7143
Tienda A,8582
Tienda A,9978
Tienda B,9785
Tienda B,1833
Tienda B,9434
Tienda E,4907
Tienda C,7242
Tienda E,2720
Tienda E,7913
Tienda E,2162
Tienda D,5551
Tienda C,1386
Tienda D,9778
Tienda B,7437
Tienda B,4483
Tienda A,4877
Tienda E,2321
Tienda E,6618
Tienda D,6194
Tienda D,2965
Tienda A,2521
Tienda A,6314
Tienda D,9814
Tienda E,4204
Tienda D,4120
Tienda E,6396
Tienda C,4531
Tienda A,1723
Tienda B,6444
Tienda C,4017
Tienda A,6568
Tienda A,6288
Tienda E,4129
Tienda C,344
Tienda D,6614
Tienda E,2524
Tienda B,6175
Tienda C,3906
Tienda A,1400
Tienda E,1699
Tienda B,2509
Tienda D,389
Tienda D,7503
Tienda C,9772
Tienda B,4574
Tienda E,6933
Tienda C,1457
Tienda C,6171
Tienda E,4154
Tienda E,6106
Tienda A,1891
Tienda D,295
Tienda E,8669
Tienda D,7461
Tienda E,4742
Tienda B,8877
Tienda C,532
Tienda E,9424
Tienda B,9793
Tienda E,6422
Tienda B,8173
Tienda D,6296
Tienda B,2724
Tienda A,9362
Tienda E,8259
Tienda D,8692
Tienda A,3414
Tienda B,5366
Tienda A,8919
Tienda B,5498
Tienda A,7181
Tienda C,1052
Tienda B,1666
Tienda B,2374
Tienda B,3755
Tienda D,2923
Tienda E,6447
Tienda B,2818
Tienda D,7471
Tienda A,1891
Tienda D,6261
Tienda C,2765
Tienda B,4147
Tienda A,1619
Tienda E,566
Tienda C,4095
Tienda A,7430
Tienda D,706
Tienda E,5789
Tienda C,3823
Tienda D,8493
Tienda D,951
Tienda D,3603
Tienda A,1833
Tienda A,5670
Tienda A,3474
Tienda C,2977
Tienda D,3990
Tienda D,5117
Tienda C,1665
Tienda A,1248
Tienda E,5340
Tienda B,8110
Tienda A,6850
Tienda C,477
Tienda A,8095
Tienda D,2881
Tienda D,5484
Tienda E,4788
Tienda D,9749
Tienda A,3658
Tienda A,1048
Tienda E,6126
Tienda C,8201
Tienda C,2046
Tienda A,9242
Tienda C,9094
Tienda B,223
Tienda B,7829
Tienda B,8400
Tienda C,6681
Tienda B,9339
Tienda E,4900
Tienda E,1789
Tienda A,4758
Tienda C,9156
Tienda C,1251
Tienda B,8531
Tienda C,6648
Tienda A,3495
Tienda D,2848
Tienda E,8263
Tienda E,1904
Tienda B,7530
Tienda C,4384
Tienda E,6874
Tienda A,9781
Tienda C,1028
Tienda E,7163
Tienda B,6737
Tienda B,8594
Tienda A,6063
Tienda B,5083
Tienda B,4917
Tienda A,9519
Tienda D,3590
Tienda C,1159
Tienda D,8318
Tienda E,5098
Tienda E,6536
Tienda D,8896
Tienda A,2524
Tienda D,1364
Tienda E,2744
Tienda D,5568
Tienda C,6532
Tienda B,9561
Tienda B,6406
Tienda D,6312
Tienda B,3936
Tienda A,8060
Tienda A,572
Tienda B,2782
Tienda C,3522
Tienda E,9606
Tienda A,950
Tienda E,9318
Tienda D,9664
Tienda E,1228
Tienda B,2172
Tienda C,8823
Tienda E,7016
Tienda C,964
Tienda E,844
Tienda E,448
Tienda D,6311
Tienda D,6824
Tienda D,7552
Tienda E,8124
Tienda D,7739
Tienda B,6074
Tienda A,9014
Tienda C,3459
Tienda B,8396
Tienda D,693
Tienda C,9740
Tienda C,9119
Tienda D,3999
Tienda C,6601
Tienda E,1476
Tienda B,5579
Tienda B,8686
Tienda D,884
Tienda B,7992
Tienda A,1517
Tienda B,5912
Tienda D,6887
Tienda A,9929
Tienda C,7327
Tienda D,6408
Tienda A,4996
Tienda B,5530
Tienda A,1444
Tienda D,5414
Tienda A,3986
Tienda C,1011
Tienda E,9918
Tienda A,1297
Tienda E,3877
Tienda E,3849
Tienda C,7730
Tienda D,7871
Tienda B,1717
Tienda B,4482
Tienda A,7197
Tienda E,8055
Tienda C,6830
Tienda A,8851
Tienda C,8468
Tienda C,658
Tienda A,8685
Tienda E,9486
Tienda A,7937
Tienda C,8856
Tienda B,6958
Tienda A,1360
Tienda E,2992
Tienda B,1447
Tienda A,7803
Tienda D,5706
Tienda C,9361
Tienda D,5481
Tienda E,5761
Tienda C,8072
Tienda C,1044
Tienda C,7295
Tienda C,5930
Tienda B,9810
Tienda B,7008
Tienda C,5378
Tienda D,5274
Tienda E,1566
Tienda D,7543
Tienda B,621
Tienda B,9805
Tienda C,9192
Tienda D,797
Tienda E,9911
Tienda B,7179
Tienda E,455
Tienda C,7661
Tienda C,5984
Tienda B,2905
Tienda D,1859
Tienda D,946
Tienda C,8490
Tienda B,759
Tienda E,8847
Tienda B,139
Tienda C,9894
Tienda D,4848
Tienda C,5530
Tienda C,5145
Tienda D,8848
Tienda B,4998
Tienda D,1543
Tienda A,6718
Tienda A,4430
Tienda B,3247
Tienda B,1345
Tienda A,4433
Tienda B,6765
Tienda C,9586
Tienda E,8046
Tienda D,3069
Tienda A,8694
Tienda A,515
Tienda D,3545
Tienda A,6134
Tienda D,5562
Tienda A,7397
Tienda C,2548
Tienda A,8096
Tienda C,6347
Tienda C,525
Tienda E,9121
Tienda E,876
Tienda D,4342
Tienda C,6688
Tienda C,4509
Tienda D,8337
Tienda A,2406
Tienda C,4920
Tienda B,1051
Tienda C,8137
Tienda A,4588
Tienda B,3308
Tienda B,6713
Tienda D,8949
Tienda B,1507
Tienda D,8657
Tienda E,656
Tienda B,7434
Tienda B,3302
Tienda D,2800
Tienda A,4985
Tienda A,7281
Tienda D,5119
Tienda D,3104
Tienda B,6777
Tienda A,1750
Tienda E,6458
Tienda A,1952
Tienda D,3573
Tienda D,6441
Tienda B,3676
Tienda C,9067
Tienda E,8377
Tienda C,5317
Tienda A,9825
Tienda C,5727
Tienda E,8658
Tienda B,8950
Tienda A,4040
Tienda B,232
Tienda A,5408
Tienda B,7922
Tienda B,4849
Tienda E,1593
Tienda B,820
Tienda E,6493
Tienda B,1376
Tienda C,7631
Tienda B,1993
Tienda D,8793
Tienda C,2651
Tienda A,2212
Tienda E,6467
Tienda A,3562
Tienda B,8704
Tienda B,2829
Tienda A,9865
Tienda B,3069
Tienda B,2692
Tienda A,5301
Tienda A,5075
Tienda E,9581
Tienda B,9640
Tienda B,576
Tienda B,1448
Tienda C,4318
Tienda B,9171
Tienda A,454
Tienda E,1419
Tienda E,153
Tienda E,7226
Tienda B,3755
Tienda B,4559
Tienda B,5585
Tienda A,9899
Tienda C,1035
Tienda D,7781
Tienda C,671
Tienda C,3189
Tienda B,6187
Tienda A,1456
Tienda C,6931
Tienda C,9520
Tienda B,7138
Tienda C,5555
Tienda A,9641
Tienda B,6580
Tienda D,1329
Tienda C,9098
Tienda A,1444
Tienda C,4141
Tienda D,7544
Tienda E,5160
Tienda E,1543
Tienda B,609
Tienda D,6586
Tienda D,6861
Tienda C,5707
Tienda A,8948
Tienda E,6299
Tienda D,5318
Tienda E,8239
Tienda A,7562
Tienda A,2178
Tienda A,1392
Tienda C,4838
Tienda B,2678
Tienda A,8653
Tienda B,620
Tienda E,123
Tienda D,4955
Tienda D,6972
Tienda A,3204
Tienda B,5180
Tienda B,5292
Tienda C,3811
Tienda E,1439
Tienda E,766
Tienda E,8373
Tienda A,9260
Tienda E,4490
Tienda D,2507
Tienda A,7589
Tienda E,140
Tienda E,5339
Tienda D,560
Tienda C,5512
Tienda D,6214
Tienda D,333
Tienda A,4475
Tienda B,3396
Tienda B,3858
Tienda C,4329
Tienda D,7733
Tienda A,3392
Tienda E,5509
Tienda E,3581
Tienda E,8945
Tienda C,5927
Tienda B,994
Tienda D,5966
Tienda E,6975
Tienda B,9692
Tienda E,3116
Tienda E,7395
Tienda C,6601
Tienda B,7370
Tienda E,2376
Tienda B,3943
Tienda E,8543
Tienda B,9807
Tienda E,5284
Tienda E,9156
Tienda C,882
Tienda E,540
Tienda A,4296
Tienda C,5156
Tienda A,5530
Tienda C,2116
Tienda C,860
Tienda C,6865
Tienda C,6610
Tienda A,4518
Tienda C,8841
Tienda D,1498
Tienda A,6895
Tienda B,8239
Tienda D,5455
Tienda D,3311
Tienda E,6307
Tienda A,490
Tienda E,8760
Tienda B,4325
Tienda C,925
Tienda D,7624
Tienda E,9009
Tienda E,7895
Tienda E,6478
Tienda B,3245
Tienda A,2406
Tienda B,534
Tienda B,5442
Tienda B,5204
Tienda C,680
Tienda C,3698
Tienda D,4888
Tienda C,2833
Tienda B,5240
Tienda C,6930
Tienda E,3358
Tienda B,4351
Tienda D,6777
Tienda A,4151
Tienda C,7119
Tienda D,4732
Tienda A,4800
Tienda B,7878
Tienda C,4102
Tienda C,8163
Tienda A,5979
Tienda A,6635
Tienda C,3188
Tienda A,6210
Tienda E,7394
Tienda A,776
Tienda B,1073
Tienda B,501
Tienda D,1778
Tienda E,2636
Tienda C,3365
Tienda A,7057
Tienda E,3779
Tienda A,7284
Tienda C,5722
Tienda B,1424
Tienda C,1977
Tienda B,6019
Tienda A,4048
Tienda B,6453
Tienda C,5954
Tienda B,2370
Tienda E,4713
Tienda C,8481
Tienda A,6953
Tienda A,2104
Tienda E,6012
Tienda D,432
Tienda A,7296
Tienda E,1204
Tienda E,7462
Tienda A,2787
Tienda C,8835
Tienda E,6708
Tienda D,7816
Tienda D,291
Tienda D,7399
Tienda C,9560
Tienda D,9975
Tienda C,7118
Tienda A,3671
Tienda D,6341
Tienda C,4139
Tienda A,4125
Tienda A,3332
Tienda E,7472
Tienda B,1596
Tienda A,4011
Tienda A,3140
Tienda D,7675
Tienda B,1795
Tienda D,2251
Tienda D,9405
Tienda B,3884
Tienda D,9298
Tienda B,2434
Tienda A,5690
Tienda C,6690
Tienda E,3608
Tienda C,5603
Tienda B,6005
Tienda C,2090
Tienda E,1125
Tienda A,1975
Tienda C,9494
Tienda C,1059
Tienda D,1842
Tienda C,3254
Tienda A,8890
Tienda B,5176
Tienda E,5269
Tienda E,1299
Tienda D,9293
Tienda A,8494
Tienda C,2242
Tienda A,7768
Tienda B,7606
Tienda D,2308
Tienda A,5543
Tienda D,2705
Tienda D,216
Tienda D,6257
Tienda E,6693
Tienda B,1790
Tienda A,526
Tienda C,4219
Tienda D,6861
Tienda E,8018
Tienda B,456
Tienda A,7529
Tienda B,4014
Tienda C,1267
Tienda D,259
Tienda A,7190
Tienda D,7470
Tienda E,6946
Tienda D,1142
Tienda C,2172
Tienda C,5253
Tienda E,5881
Tienda B,9613
Tienda E,6922
Tienda C,9007
Tienda D,7028
Tienda D,2628
Tienda E,1126
Tienda E,9411
Tienda C,857
Tienda B,8557
Tienda D,4968
Tienda C,2006
Tienda C,6410
Tienda B,4388
Tienda D,8030
Tienda E,5021
Tienda A,678
Tienda C,854
Tienda A,899
Tienda D,2963
Tienda A,6755
Tienda C,780
Tienda A,495
Tienda E,6283
Tienda D,1176
Tienda E,7854
Tienda C,1911
Tienda E,6426
Tienda B,4425
Tienda D,3822
Tienda C,6532
Tienda E,7971
Tienda B,905
Tienda E,6461
Tienda D,5213
Tienda D,6289
Tienda A,8185
Tienda D,2789
Tienda A,896
Tienda E,8390
Tienda B,1205
Tienda D,5624
Tienda E,2013
Tienda B,2799
Tienda C,6623
Tienda C,5907
Tienda C,8136
Tienda E,7105
Tienda A,1460
Tienda D,4842
Tienda A,9382
Tienda E,2519
Tienda E,708
Tienda B,3144
Tienda C,7920
Tienda D,6286
Tienda C,9994
Tienda C,9111
Tienda D,3082
Tienda D,3182
Tienda A,185
Tienda C,759
Tienda B,4298
Tienda C,702
Tienda C,4599
Tienda C,1956
Tienda D,2730
Tienda A,1290
Tienda C,4145
Tienda E,8701
Tienda D,6416
Tienda B,4238
Tienda D,1609
Tienda C,7683
Tienda C,6912
Tienda D,2551
Tienda D,3656
Tienda D,7245
Tienda C,7235
Tienda A,4451
Tienda C,1195
Tienda E,9244
Tienda E,8376
Tienda C,8911
Tienda E,5501
Tienda C,7668
Tienda C,3595
Tienda E,5406
Tienda E,2885
Tienda A,8207
Tienda C,8821
Tienda C,8792
Tienda D,6171
Tienda E,3883
Tienda C,2351
Tienda C,8078
Tienda A,5555
Tienda B,4446
Tienda B,5067
Tienda D,8733
Tienda B,557
Tienda C,1224
Tienda B,8827
Tienda D,8802
Tienda A,3965
Tienda C,4953
Tienda D,2615
Tienda C,5750
Tienda D,3475
Tienda E,2117
Tienda E,3391
Tienda C,4096
Tienda B,456
Tienda A,1442
Tienda D,3706
Tienda E,3966
Tienda B,3816
Tienda A,8984
Tienda D,1883
Tienda B,636
Tienda B,7591
Tienda A,4492
Tienda E,9956
Tienda A,3762
Tienda B,2858
Tienda D,2719
Tienda C,7323
Tienda D,6202
Tienda D,2270
Tienda C,2567
Tienda E,4614
Tienda B,5405
Tienda A,5998
Tienda E,1599
Tienda A,671
Tienda B,973
Tienda C,214
Tienda A,1141
Tienda A,7879
Tienda A,2723
Tienda A,4179
Tienda A,842
Tienda A,7769
Tienda E,4584
Tienda A,184
Tienda D,1077
Tienda C,4567
Tienda D,5648
Tienda C,4141
Tienda E,9176
Tienda D,2022
Tienda D,2620
Tienda D,8828
Tienda E,3249
Tienda E,8288
Tienda C,209
Tienda D,5945
Tienda E,1085
Tienda C,369
Tienda D,9687
Tienda D,3946
Tienda B,3098
Tienda B,8614
Tienda B,7973
Tienda C,4024
Tienda E,7018
Tienda A,6026
Tienda A,7197
Tienda A,329
Tienda A,6177
Tienda C,1475
Tienda C,8243
Tienda A,2306
Tienda E,1155
Tienda E,2568
Tienda B,8326
Tienda A,5890
Tienda A,8995
Tienda C,4367
Tienda D,9861
Tienda E,6182
Tienda A,5490
Tienda A,8230
Tienda B,8309
Tienda B,2205
Tienda D,8281
Tienda B,7568
Tienda D,7236
Tienda C,8722
Tienda E,6062
Tienda A,7971
Tienda C,2055
Tienda B,2440
Tienda A,8866
Tienda B,2516
Tienda A,5060
Tienda A,1395
Tienda B,1748
Tienda A,5783
Tienda A,5881
Tienda A,6071
Tienda E,1209
Tienda E,8949
Tienda E,1834
Tienda A,2734
Tienda D,8720
Tienda B,1697
Tienda D,4870
Tienda B,187
Tienda B,1325
Tienda D,7184
Tienda E,1385
Tienda A,9554
Tienda B,2830
Tienda E,1850
Tienda B,6314
Tienda A,9441
Tienda A,4097
Tienda E,9781
Tienda B,4781
Tienda C,9416
Tienda B,9322
Tienda D,5714
Tienda B,1297
Tienda E,2519
Tienda D,7341
Tienda B,596
Tienda A,6515
Tienda D,2036
Tienda D,5261
Tienda A,5361
Tienda E,8558
Tienda D,9651
Tienda A,5691
Tienda C,7752
Tienda C,9750
Tienda B,3265
Tienda B,8989
Tienda B,7989
Tienda A,4337
Tienda C,3313
Tienda C,925
Tienda D,2433
Tienda D,4381
Tienda E,1784
Tienda A,7649
Tienda A,1571
Tienda A,2598
Tienda C,8479
Tienda C,4418
Tienda C,4458
Tienda C,4937
Tienda D,290
Tienda C,6061
Tienda E,2043
Tienda D,5672
Tienda E,4039
Tienda C,5581
Tienda E,8531
Tienda A,6172
Tienda A,3375
Tienda A,632
Tienda C,450
Tienda C,1660
Tienda B,700
Tienda E,8611
Tienda D,2332
Tienda A,824
Tienda B,8896
Tienda B,736
Tienda C,4615
Tienda C,4411
Tienda E,3704
Tienda C,5675
Tienda D,6869
Tienda D,6797
Tienda B,8533
Tienda E,2634
Tienda C,726
Tienda A,5831
Tienda D,8388
Tienda A,3980
Tienda D,4107
Tienda E,2873
Tienda B,8134
Tienda D,3356
Tienda D,4214
Tienda D,6781
Tienda A,5909
Tienda A,1145
Tienda D,7091
Tienda B,9846
Tienda E,7577
Tienda C,4223
Tienda E,8880
Tienda C,3048
Tienda D,6527
Tienda A,4179
Tienda B,7351
Tienda E,7999
Tienda B,7306
Tienda C,9726
Tienda E,4581
Tienda D,3573
Tienda C,8273
Tienda D,9143
Tienda C,5429
Tienda E,3648
Tienda E,3042
Tienda B,2571
Tienda B,7445
Tienda D,1312
Tienda C,8518
Tienda D,4926
Tienda C,8290
Tienda E,6332
Tienda A,4626
Tienda B,9140
Tienda A,3090
Tienda E,5784
Tienda B,4967
Tienda E,3621
Tienda D,7474
Tienda B,9194
Tienda B,1938
Tienda D,9222
Tienda C,6591
Tienda E,9789
Tienda B,454
Tienda D,3672
Tienda D,5147
Tienda C,4954
Tienda A,8356
Tienda D,740
Tienda B,2929
Tienda E,1529
Tienda E,7507
Tienda D,9809
Tienda D,3984
Tienda D,8498
Tienda E,8654
Tienda B,3361
Tienda C,4656
Tienda E,4343
Tienda A,1408
Tienda A,1657
Tienda C,3959
Tienda B,8130
Tienda C,104
Tienda A,4217
Tienda A,5621
Tienda E,1159
Tienda B,1429
Tienda E,679
Tienda B,9976
Tienda E,4157
Tienda B,2899
Tienda B,7747
Tienda A,2012
Tienda A,9175
Tienda C,7382
Tienda A,4836
Tienda B,9673
Tienda C,8355
Tienda D,5392
Tienda C,3319
Tienda D,1845
Tienda D,4105
Tienda A,4385
Tienda B,7160
Tienda A,8837
Tienda B,6376
Tienda C,8977
Tienda A,833
Tienda B,7693
Tienda C,503
Tienda B,9833
Tienda A,9075
Tienda E,7904
Tienda E,3180
Tienda E,1599
Tienda D,8191
Tienda A,2101
Tienda A,6759
Tienda E,5702
Tienda C,8217
Tienda B,4712
Tienda E,912
Tienda B,7947
Tienda D,1233
Tienda B,2786
Tienda E,700
Tienda C,3972
Tienda D,6748
Tienda E,3917
Tienda E,5520
Tienda D,3038
Tienda A,670
Tienda E,436
Tienda D,5655
Tienda E,2336
Tienda D,6960
Tienda D,2842
Tienda A,9584
Tienda B,7196
Tienda E,9898
Tienda E,6051
Tienda A,1834
Tienda A,539
Tienda A,9822
Tienda E,2669
Tienda B,4390
Tienda B,2148
Tienda C,6655
Tienda D,7305
Tienda E,6222
Tienda A,9304
Tienda D,8959
Tienda B,6206
Tienda E,2154
Tienda D,9377
Tienda C,8930
Tienda A,2399
Tienda C,2454
Tienda C,6237
Tienda C,5714
Tienda B,8961
Tienda B,7622
Tienda C,3492
Tienda A,1722
Tienda A,4923
Tienda B,8828
Tienda A,8012
Tienda B,6604
Tienda D,3456
Tienda D,4486
Tienda D,1531
Tienda C,3343
Tienda C,4210
Tienda A,6168
Tienda D,2221
Tienda D,817
Tienda C,3007
Tienda E,7356
Tienda D,3895
Tienda E,6849
Tienda B,2004
Tienda D,383
Tienda B,5644
Tienda A,6534
Tienda A,9698
Tienda A,8133
Tienda D,5115
Tienda E,2570
Tienda D,4119
Tienda D,3907
Tienda E,4335
Tienda D,7179
Tienda B,1056
Tienda E,2424
Tienda B,8379
Tienda D,7680
Tienda E,5796
Tienda D,7897
Tienda A,2754
Tienda D,7151
Tienda C,2088
Tienda B,8550
Tienda E,2037
Tienda B,3315
Tienda C,5395
Tienda E,7337
Tienda D,830
Tienda A,333
Tienda E,3546
Tienda E,9161
Tienda A,3282
Tienda C,7627
Tienda B,1169
Tienda A,6247
Tienda B,888
Tienda B,8057
Tienda A,9731
Tienda C,6225
Tienda C,5585
Tienda E,5468
Tienda E,8407
Tienda C,8786
Tienda D,5875
Tienda D,8011
Tienda B,2560
Tienda B,7802
Tienda A,9740
Tienda D,8999
Tienda C,3628
Tienda B,4487
Tienda C,8206
Tienda D,1159
Tienda E,8364
Tienda B,9307
Tienda C,7829
Tienda E,5808
Tienda D,5240
Tienda E,3828
Tienda A,8742
Tienda B,6221
Tienda D,4781
Tienda D,2982
Tienda C,4496
Tienda D,2484
Tienda E,9368
Tienda A,280
Tienda B,3037
Tienda A,3500
Tienda E,1655
Tienda E,2838
Tienda C,4135
Tienda E,7810
Tienda B,2695
Tienda B,1299
Tienda C,1589
Tienda E,2623
Tienda B,2936
Tienda C,8145
Tienda E,7529
Tienda D,3594
Tienda A,3251
Tienda C,2229
Tienda E,9327
Tienda B,9496
Tienda A,8906
Tienda B,9370
Tienda A,5310
Tienda B,6774
Tienda C,5543
Tienda B,116
Tienda D,5992
Tienda B,4486
Tienda E,1635
Tienda B,3725
Tienda B,470
Tienda C,528
Tienda E,2060
Tienda D,5292
Tienda A,8719
Tienda B,1920
Tienda D,3908
Tienda A,8602
Tienda E,3840
Tienda B,5224
Tienda C,1918
Tienda E,1520
Tienda A,3531
Tienda A,3052
Tienda E,2217
Tienda C,6931
Tienda A,3369
Tienda A,5085
Tienda E,4786
Tienda B,9538
Tienda B,949
Tienda A,6835
Tienda D,2881
Tienda A,5749
Tienda A,9672
Tienda B,8532
Tienda C,8177
Tienda A,8743
Tienda D,3361
Tienda C,9552
Tienda D,4380
Tienda A,8770
Tienda C,8712
Tienda A,2980
Tienda C,1103
Tienda C,193
Tienda E,5255
Tienda C,7816
Tienda D,575
Tienda E,2513
Tienda A,9311
Tienda A,5363
Tienda A,7655
Tienda A,7652
Tienda B,1441
Tienda D,372
Tienda C,5228
Tienda D,2649
Tienda A,4496
Tienda E,3321
Tienda A,4904
Tienda A,1029
Tienda C,865
Tienda E,9321
Tienda B,9435
Tienda A,2084
Tienda E,3417
Tienda C,6969
Tienda E,6265
Tienda E,9794
Tienda D,5906
Tienda D,5639
Tienda D,3903
Tienda D,4446
Tienda A,298
Tienda E,1599
Tienda B,4089
Tienda B,6723
Tienda C,3410
Tienda D,485
Tienda C,3676
Tienda C,2817
Tienda C,441
Tienda B,3197
Tienda D,9920
Tienda E,8372
Tienda B,2904
Tienda D,3949
Tienda B,2315
Tienda C,225
Tienda D,9494
Tienda D,1435
Tienda D,3671
Tienda B,7483
Tienda A,2543
Tienda E,5624
Tienda D,8136
Tienda E,7540
Tienda B,505
Tienda B,4440
Tienda C,9723
Tienda C,9321
Tienda C,5357
Tienda C,8225
Tienda D,3683
Tienda C,2560
Tienda D,6946
Tienda D,8996
Tienda B,8331
Tienda B,5331
Tienda D,5266
Tienda E,2772
Tienda D,726
Tienda B,8278
Tienda C,892
Tienda C,4377
Tienda E,1250
Tienda B,3792
Tienda D,9163
Tienda D,5338
Tienda A,7586
Tienda E,5139
Tienda B,5055
Tienda C,4946
Tienda A,6961
Tienda A,6193
Tienda D,3848
Tienda A,1251
Tienda B,4727
Tienda D,5918
Tienda A,5245
Tienda B,366
Tienda E,9310
Tienda C,3294
Tienda D,2881
Tienda C,625
Tienda A,4866
Tienda C,8211
Tienda B,1077
Tienda E,1281
Tienda B,8259
Tienda A,9244
Tienda C,7120
Tienda D,6296
Tienda A,1911
Tienda A,8304
Tienda B,7526
Tienda D,5131
Tienda A,3650
Tienda A,8404
Tienda A,4981
Tienda A,9729
Tienda A,9494
Tienda B,9889
Tienda C,8914
Tienda D,5967
Tienda C,2957
Tienda A,2227
Tienda D,1230
Tienda D,2923
Tienda D,6490
Tienda E,8888
Tienda C,4815
Tienda E,4740
Tienda E,1772
Tienda A,9611
Tienda C,5580
Tienda E,3168
Tienda C,5585
Tienda E,276
Tienda D,5421
Tienda E,6347
Tienda D,1483
Tienda A,4689
Tienda C,7441
Tienda E,460
Tienda B,5741
Tienda E,2636
Tienda C,5241
Tienda A,3702
Tienda E,4162
Tienda B,7711
Tienda A,7156
Tienda D,1180
Tienda B,5465
Tienda A,8020
Tienda D,1450
Tienda A,4033
Tienda C,9630
Tienda E,8115
Tienda E,2113
Tienda A,634
Tienda E,5336
Tienda E,8782
Tienda C,3990
Tienda D,2241
Tienda B,6311
Tienda E,2782
Tienda D,9601
Tienda D,2270
Tienda D,4384
Tienda D,670
Tienda C,5597
Tienda E,8047
Tienda B,6206
Tienda E,9353
Tienda B,9140
Tienda A,2403
Tienda E,8058
Tienda E,3021
Tienda E,6090
Tienda A,7999
Tienda B,6064
Tienda C,8898
Tienda D,8923
