Categoría de Producto,Ventas Totales
Alimentos,7997
Electrónica,1622
Hogar,5581
Ropa,5856
Juguetes,8711
Alimentos,1519
Ropa,9107
Alimentos,2086
Ropa,8820
Electrónica,2717
Ropa,7313
Juguetes,5136
Ropa,6464
Ropa,3909
Hogar,4260
Electrónica,6385
Electrónica,2325
Alimentos,1104
Ropa,9248
Ropa,1363
Hogar,3181
Hogar,8789
Juguetes,5078
Juguetes,9485
Juguetes,5120
Hogar,4425
Juguetes,3452
Alimentos,6800
Alimentos,8510
Hogar,6074
Hogar,8940
Ropa,3079
Ropa,4151
Alimentos,3229
Electrónica,3950
Ropa,6131
Electrónica,9524
Hogar,6978
Alimentos,7429
Alimentos,8879
Ropa,6777
Alimentos,7680
Juguetes,3080
Electrónica,3834
Ropa,2130
Alimentos,1177
Alimentos,6040
Electrónica,3691
Ropa,7552
Juguetes,3467
Alimentos,5293
Juguetes,9783
Ropa,3265
Electrónica,5445
Alimentos,5036
Hogar,2149
Hogar,2862
Alimentos,1244
Juguetes,7882
Juguetes,8876
Hogar,2597
Juguetes,8762
Juguetes,9272
Ropa,1147
Ropa,3982
Juguetes,5651
Ropa,8983
Hogar,3025
Electrónica,5727
Electrónica,5726
Hogar,2880
Alimentos,5233
Ropa,3517
Ropa,4677
Alimentos,3983
Juguetes,3737
Alimentos,8575
Juguetes,3291
Alimentos,4249
Alimentos,1213
Ropa,3785
Ropa,3107
Ropa,2379
Ropa,2183
Hogar,8698
Alimentos,5277
Alimentos,7643
Ropa,9737
Alimentos,5799
Electrónica,6943
Alimentos,7061
Electrónica,3789
Electrónica,1076
Hogar,2679
Electrónica,9097
Alimentos,7993
Electrónica,5303
Alimentos,6079
Alimentos,3333
Ropa,7824
Electrónica,3486
Hogar,8437
Ropa,2119
Juguetes,5271
Electrónica,4554
Electrónica,7407
Electrónica,4628
Ropa,6954
Electrónica,7637
Hogar,3084
Ropa,9955
Juguetes,8588
Juguetes,9081
Hogar,6304
Hogar,4771
Electrónica,2949
Electrónica,2752
Alimentos,7242
Electrónica,8722
Juguetes,7560
Juguetes,7658
Hogar,3620
Hogar,6367
Alimentos,5704
Alimentos,7871
Alimentos,9995
Alimentos,8431
Ropa,1265
Juguetes,7848
Ropa,5612
Electrónica,4037
Alimentos,8009
Ropa,6397
Hogar,3599
Electrónica,7959
Alimentos,5358
Electrónica,9667
Alimentos,5566
Electrónica,6955
Hogar,1076
Electrónica,8528
Electrónica,2127
Electrónica,4976
Electrónica,3786
Alimentos,4322
Hogar,4954
Juguetes,2506
Juguetes,4071
Alimentos,8932
Alimentos,1617
Juguetes,3055
Hogar,4949
Alimentos,3769
Juguetes,1029
Alimentos,6979
Alimentos,1170
Ropa,5271
Alimentos,7038
Alimentos,5290
Hogar,6606
Juguetes,9925
Hogar,1353
Hogar,6499
Hogar,1017
Alimentos,2270
Electrónica,7621
Ropa,6537
Juguetes,4211
Ropa,2368
Electrónica,8997
Ropa,4055
Electrónica,7153
Ropa,5486
Alimentos,1165
Juguetes,4681
Electrónica,8413
Ropa,8802
Juguetes,4572
Ropa,9327
Alimentos,9697
Hogar,3853
Alimentos,8901
Juguetes,8004
Alimentos,7514
Alimentos,6339
Ropa,1054
Hogar,3617
Electrónica,1597
Alimentos,8972
Ropa,1556
Hogar,4795
Hogar,6316
Electrónica,4639
Hogar,2154
Juguetes,2582
Ropa,4617
Alimentos,1269
Ropa,1091
Alimentos,3023
Electrónica,5646
Alimentos,3240
Ropa,4964
Ropa,2436
Hogar,3887
Alimentos,9860
Juguetes,3250
Alimentos,3972
Ropa,4203
Juguetes,5403
Alimentos,7094
Ropa,5846
Juguetes,8842
Alimentos,3229
Electrónica,9523
Hogar,2521
Juguetes,7781
Juguetes,9132
Hogar,5517
Alimentos,8617
Hogar,3519
Juguetes,1981
Ropa,3544
Alimentos,1801
Electrónica,2086
Hogar,4574
Alimentos,8112
Hogar,8087
Alimentos,7319
Hogar,9998
Juguetes,3344
Alimentos,5164
Juguetes,7182
Hogar,9634
Hogar,7007
Juguetes,4931
Hogar,7933
Alimentos,8268
Electrónica,8816
Ropa,7915
Hogar,7316
Ropa,6520
Hogar,1988
Electrónica,7994
Juguetes,8450
Alimentos,2220
Alimentos,8706
Juguetes,2265
Ropa,2372
Alimentos,5596
Ropa,5370
Electrónica,3383
Hogar,5734
Ropa,7674
Juguetes,6861
Hogar,8262
Ropa,5838
Alimentos,9665
Alimentos,4426
Electrónica,2150
Ropa,3287
Electrónica,8922
Ropa,7650
Electrónica,9966
Electrónica,9438
Alimentos,4198
Electrónica,2138
Ropa,2420
Juguetes,4121
Juguetes,3670
Juguetes,6718
Electrónica,1374
Alimentos,8845
Hogar,5207
Juguetes,7293
Juguetes,4347
Juguetes,9831
Hogar,4902
Juguetes,6105
Alimentos,7700
Juguetes,7636
Electrónica,9586
Electrónica,6467
Alimentos,1887
Ropa,6353
Juguetes,1032
Hogar,8909
Hogar,1842
Juguetes,1398
Alimentos,5123
Ropa,6583
Ropa,4385
Juguetes,7110
Ropa,2829
Juguetes,1797
Hogar,1771
Juguetes,5067
Juguetes,2718
Ropa,5038
Juguetes,3539
Juguetes,2105
Ropa,4311
Alimentos,4108
Electrónica,2015
Ropa,5802
Electrónica,7601
Ropa,5085
Juguetes,9305
Electrónica,7914
Ropa,3375
Ropa,4732
Juguetes,8741
Juguetes,5997
Electrónica,2838
Juguetes,6754
Alimentos,7551
Alimentos,5710
Juguetes,2955
Juguetes,4227
Ropa,2809
Alimentos,2980
Juguetes,9729
Electrónica,5480
Electrónica,1011
Ropa,9778
Hogar,9351
Juguetes,4207
Hogar,9171
Ropa,9649
Ropa,4954
Alimentos,3602
Electrónica,9783
Hogar,7890
Electrónica,8383
Alimentos,4083
Juguetes,9503
Electrónica,1598
Juguetes,2967
Ropa,6306
Juguetes,1955
Electrónica,8075
Juguetes,3381
Alimentos,9543
Alimentos,9550
Alimentos,5767
Electrónica,3527
Electrónica,7919
Hogar,4742
Hogar,9538
Juguetes,4823
Electrónica,4998
Hogar,3463
Hogar,7522
Hogar,8126
Ropa,6642
Ropa,3868
Juguetes,5871
Ropa,7967
Electrónica,6032
Electrónica,3095
Electrónica,9540
Electrónica,9883
Alimentos,6455
Electrónica,2891
Alimentos,2778
Hogar,2259
Electrónica,2490
Ropa,4608
Electrónica,9189
Ropa,3743
Hogar,2269
Juguetes,6511
Electrónica,6039
Hogar,7571
Ropa,5512
Hogar,3157
Juguetes,8897
Electrónica,5126
Ropa,3932
Alimentos,8549
Ropa,7207
Juguetes,2323
Hogar,1960
Juguetes,6701
Electrónica,2490
Ropa,2176
Alimentos,4101
Ropa,2468
Alimentos,5432
Juguetes,7507
Ropa,7283
Alimentos,5296
Electrónica,1499
Electrónica,6165
Hogar,5274
Alimentos,9922
Ropa,5891
Ropa,2799
Electrónica,3724
Electrónica,7594
Juguetes,9913
Ropa,7806
Alimentos,5598
Hogar,1355
Juguetes,2538
Juguetes,3586
Ropa,1981
Hogar,4311
Alimentos,5549
Juguetes,8278
Electrónica,7038
Ropa,1214
Electrónica,7187
Alimentos,4886
Hogar,3905
Alimentos,8660
Juguetes,1124
Alimentos,1480
Electrónica,2456
Hogar,3413
Ropa,2812
Hogar,7740
Electrónica,8450
Electrónica,8743
Alimentos,4696
Ropa,5863
Electrónica,1220
Juguetes,8310
Juguetes,9156
Alimentos,5481
Ropa,1610
Ropa,8170
Ropa,7525
Ropa,6134
Juguetes,1496
Alimentos,2518
Juguetes,8124
Alimentos,2849
Alimentos,2191
Alimentos,8140
Electrónica,7013
Hogar,6382
Ropa,6582
Ropa,3698
Alimentos,4993
Hogar,2532
Ropa,3661
Juguetes,4090
Alimentos,1430
Alimentos,4086
Hogar,7902
Hogar,6447
Hogar,5941
Alimentos,4269
Ropa,5331
Juguetes,2015
Hogar,4512
Juguetes,8034
Electrónica,1009
Hogar,6361
Juguetes,2533
Electrónica,8658
Ropa,4702
Hogar,6238
Juguetes,1266
Electrónica,1755
Juguetes,4229
Hogar,7925
Hogar,7457
Ropa,2526
Juguetes,4739
Alimentos,3479
Ropa,6509
Electrónica,2821
Hogar,8165
Alimentos,5982
Ropa,7624
Alimentos,2921
Juguetes,9532
Alimentos,6791
Alimentos,1685
Hogar,5128
Electrónica,8570
Juguetes,9444
Electrónica,3966
Electrónica,5044
Electrónica,5830
Electrónica,6461
Juguetes,1127
Ropa,7455
Hogar,6315
Alimentos,8874
Hogar,8511
Juguetes,2630
Juguetes,7153
Hogar,2827
Ropa,1189
Ropa,9776
Electrónica,5387
Ropa,4320
Ropa,6560
Hogar,9582
Electrónica,5604
Juguetes,1278
Alimentos,7625
Juguetes,4529
Electrónica,2853
Hogar,1521
Juguetes,7917
Hogar,9061
Hogar,4435
Alimentos,8574
Alimentos,8040
Alimentos,8091
Ropa,1106
Hogar,6910
Hogar,4405
Hogar,1854
Electrónica,1752
Alimentos,5970
Electrónica,8323
Ropa,3860
Hogar,2349
Juguetes,9639
Alimentos,6085
Electrónica,8909
Ropa,6124
Alimentos,4644
Alimentos,1928
Ropa,1488
Ropa,8115
Juguetes,4439
Juguetes,5576
Ropa,7217
Alimentos,2761
Juguetes,3845
Hogar,5032
Alimentos,5947
Hogar,4013
Hogar,3688
Juguetes,3661
Alimentos,1733
Juguetes,5468
Alimentos,7518
Alimentos,9516
Electrónica,2027
Ropa,4244
Ropa,8153
Juguetes,4580
Alimentos,7682
Ropa,9365
Alimentos,5866
Juguetes,7169
Hogar,2113
Ropa,9350
Alimentos,5739
Juguetes,4431
Juguetes,9585
Electrónica,7025
Ropa,8138
Alimentos,9580
Ropa,2935
Ropa,9074
Juguetes,8436
Alimentos,3289
Hogar,6732
Hogar,3397
Ropa,3897
Electrónica,4449
Electrónica,9009
Juguetes,8737
Ropa,1763
Hogar,9713
Alimentos,4856
Ropa,4813
Alimentos,3930
Ropa,4142
Juguetes,5311
Juguetes,3399
Ropa,6948
Electrónica,3693
Juguetes,8354
Ropa,7893
Alimentos,2810
Electrónica,9380
Alimentos,6260
Electrónica,3489
Ropa,8202
Ropa,8841
Electrónica,7575
Ropa,8679
Electrónica,8782
Hogar,2350
Electrónica,9794
Juguetes,6267
Ropa,2778
Alimentos,4757
Electrónica,7598
Ropa,9739
Ropa,7756
Ropa,8635
Alimentos,7091
Electrónica,5106
Ropa,1088
Juguetes,9451
Alimentos,3035
Juguetes,2789
Ropa,1954
Hogar,9411
Electrónica,8419
Alimentos,5765
Alimentos,9160
Ropa,6927
Juguetes,7827
Electrónica,8656
Ropa,1327
Alimentos,9202
Hogar,2773
Ropa,2638
Electrónica,7855
Juguetes,3162
Electrónica,8959
Electrónica,4855
Juguetes,7854
Electrónica,1119
Juguetes,5517
Alimentos,8339
Ropa,4322
Alimentos,9046
Juguetes,5654
Juguetes,9554
Ropa,4857
Electrónica,6050
Alimentos,6835
Ropa,9427
Alimentos,7101
Ropa,9097
Ropa,4848
Ropa,6708
Juguetes,5656
Alimentos,6089
Ropa,4699
Juguetes,2180
Hogar,3249
Hogar,3236
Juguetes,1363
Juguetes,6417
Ropa,5799
Juguetes,4085
Electrónica,1889
Electrónica,4165
Ropa,7545
Electrónica,2919
Juguetes,1910
Hogar,7601
Alimentos,6595
Alimentos,5303
Electrónica,8908
Alimentos,3996
Electrónica,6615
Hogar,8015
Juguetes,8211
Hogar,3637
Electrónica,4038
Ropa,5518
Juguetes,4218
Ropa,5800
Hogar,2242
Electrónica,2790
Ropa,1782
Ropa,5491
Electrónica,2350
Ropa,4303
Electrónica,2247
Juguetes,9933
Juguetes,8319
Electrónica,2803
Hogar,7200
Alimentos,3926
Electrónica,9866
Electrónica,3811
Ropa,1591
Hogar,7152
Hogar,3339
Alimentos,5413
Juguetes,4678
Alimentos,7034
Alimentos,1625
Ropa,7610
Alimentos,3204
Electrónica,1873
Electrónica,4215
Electrónica,7287
Hogar,8307
Juguetes,7326
Alimentos,7073
Electrónica,8126
Ropa,8233
Alimentos,4285
Juguetes,4868
Electrónica,4272
Ropa,3598
Electrónica,6732
Electrónica,8829
Juguetes,5118
Electrónica,4147
Hogar,5376
Alimentos,7374
Ropa,8092
Juguetes,9120
Ropa,7123
Electrónica,3422
Alimentos,8406
Alimentos,3432
Hogar,5577
Alimentos,7811
Alimentos,8560
Juguetes,4086
Alimentos,8983
Juguetes,3847
Hogar,3627
Juguetes,9268
Juguetes,6358
Alimentos,8882
Electrónica,2367
Alimentos,7963
Alimentos,6094
Juguetes,9093
Alimentos,3352
Hogar,3429
Hogar,4408
Electrónica,7095
Electrónica,9238
Electrónica,3407
Juguetes,9359
Electrónica,3899
Hogar,5951
Ropa,6123
Ropa,8497
Hogar,1248
Ropa,5254
Ropa,7586
Hogar,2480
Ropa,7299
Hogar,8465
Ropa,8449
Hogar,2951
Juguetes,2016
Alimentos,8475
Alimentos,5455
Hogar,2796
Electrónica,6057
Hogar,1956
Alimentos,7120
Hogar,2858
Alimentos,7136
Electrónica,2869
Electrónica,4852
Hogar,1094
Hogar,5426
Juguetes,6504
Ropa,8529
Juguetes,5341
Hogar,2691
Hogar,6524
Hogar,3873
Electrónica,6661
Hogar,4504
Hogar,8928
Alimentos,4914
Ropa,2584
Electrónica,4244
Alimentos,3439
Ropa,3414
Ropa,4970
Juguetes,5837
Ropa,6247
Ropa,4968
Ropa,5163
Hogar,1395
Alimentos,8783
Juguetes,1494
Hogar,5823
Ropa,5674
Ropa,1673
Juguetes,2763
Hogar,7879
Ropa,2599
Juguetes,5574
Electrónica,3993
Electrónica,3635
Electrónica,8747
Ropa,5961
Juguetes,2097
Hogar,1516
Ropa,9585
Ropa,7097
Alimentos,6820
Alimentos,1717
Alimentos,3667
Electrónica,1880
Juguetes,2621
Hogar,5613
Alimentos,7096
Hogar,8249
Hogar,6352
Hogar,4552
Juguetes,6279
Hogar,1798
Ropa,1545
Alimentos,7297
Hogar,9934
Alimentos,5724
Juguetes,9881
Hogar,4517
Ropa,1544
Hogar,5495
Juguetes,2871
Electrónica,5972
Hogar,9391
Hogar,7802
Hogar,5581
Hogar,5693
Electrónica,5604
Ropa,4239
Electrónica,2336
Alimentos,2815
Ropa,3037
Ropa,4252
Juguetes,8439
Alimentos,6052
Ropa,8915
Juguetes,1465
Electrónica,8998
Juguetes,9568
Alimentos,6033
Juguetes,3361
Hogar,8995
Hogar,9090
Alimentos,6296
Electrónica,8758
Hogar,6766
Hogar,5321
Juguetes,8714
Hogar,5886
Electrónica,9727
Ropa,5532
Ropa,5043
Hogar,8351
Alimentos,5008
Hogar,1125
Electrónica,2622
Hogar,6652
Alimentos,5397
Hogar,7211
Ropa,1162
Electrónica,9389
Alimentos,3708
Hogar,3655
Juguetes,1256
Ropa,1233
Electrónica,4282
Alimentos,2826
Electrónica,8480
Electrónica,6459
Electrónica,1609
Alimentos,3860
Ropa,4060
Ropa,6983
Ropa,5996
Ropa,4252
Juguetes,7377
Hogar,1147
Ropa,4616
Ropa,9791
Hogar,4206
Ropa,7512
Electrónica,5528
Alimentos,2227
Hogar,4512
Ropa,4316
Electrónica,9181
Ropa,1301
Alimentos,3872
Alimentos,1313
Hogar,2960
Hogar,7118
Electrónica,6884
Juguetes,7392
Juguetes,3042
Juguetes,2929
Hogar,2704
Electrónica,6620
Ropa,6141
Juguetes,9347
Juguetes,6122
Juguetes,1626
Electrónica,3370
Ropa,6060
Ropa,4215
Electrónica,7930
Alimentos,6849
Ropa,5295
Alimentos,2833
Alimentos,7842
Ropa,8543
Electrónica,4534
Hogar,5689
Alimentos,6073
Alimentos,1529
Hogar,8375
Juguetes,8526
Electrónica,1247
Ropa,9058
Hogar,3641
Juguetes,7918
Electrónica,5792
Alimentos,9187
Juguetes,9941
Ropa,5247
Ropa,9721
Hogar,7219
Ropa,4560
Hogar,4471
Hogar,8099
Alimentos,2224
Juguetes,5193
Hogar,7601
Alimentos,9971
Hogar,6804
Alimentos,8692
Alimentos,6660
Hogar,5417
Electrónica,3368
Juguetes,4227
Ropa,9579
Hogar,5267
Juguetes,1510
Juguetes,2874
Electrónica,4617
Alimentos,9409
Electrónica,5116
Juguetes,8319
Hogar,2507
Juguetes,1453
Ropa,4136
Electrónica,9992
Juguetes,4855
Alimentos,4106
Ropa,1788
Alimentos,8994
Juguetes,9519
Alimentos,4905
Electrónica,6161
Ropa,5845
Alimentos,3702
Ropa,8605
Ropa,3114
Hogar,5092
Electrónica,5231
Ropa,9680
Alimentos,5781
Electrónica,1890
Hogar,9119
Juguetes,9208
Alimentos,9476
Ropa,2227
Juguetes,3378
Juguetes,1614
Alimentos,1435
Hogar,3581
Hogar,9451
Electrónica,9626
Hogar,9117
Juguetes,2520
Ropa,4953
Electrónica,9809
Electrónica,3619
Ropa,6012
Alimentos,8320
Hogar,7127
Juguetes,5317
Alimentos,8598
Ropa,5183
Juguetes,4586
Electrónica,6591
Juguetes,9927
Alimentos,1056
Juguetes,8213
Ropa,8627
Ropa,5561
Juguetes,1646
Electrónica,9696
Juguetes,5362
Hogar,6051
Alimentos,7943
Hogar,6728
Electrónica,2711
Alimentos,4278
Ropa,1819
Ropa,2642
Ropa,4796
Alimentos,9768
Alimentos,1395
Ropa,3309
Electrónica,9121
Ropa,5308
Alimentos,5041
Ropa,4777
Juguetes,2822
Electrónica,2533
Juguetes,6827
Juguetes,2272
Alimentos,5102
Ropa,5006
Electrónica,3648
Alimentos,6516
Juguetes,9858
Alimentos,6566
Alimentos,1734
Electrónica,1850
Juguetes,1047
Juguetes,7750
Ropa,1637
Alimentos,6058
Hogar,1142
Alimentos,7460
Electrónica,5403
Ropa,3007
Juguetes,4725
Juguetes,4807
Ropa,6269
Juguetes,8691
Hogar,6006
Hogar,9080
Electrónica,2239
Hogar,3677
Electrónica,5440
Hogar,1219
Juguetes,5230
Juguetes,3282
Ropa,8426
Juguetes,6296
Hogar,5550
Juguetes,1640
Alimentos,9026
Ropa,1069
Juguetes,1581
Electrónica,3390
Ropa,3546
Electrónica,9653
Hogar,9732
Ropa,6565
Hogar,3697
Electrónica,8870
Alimentos,6174
Hogar,3471
Hogar,8792
Ropa,5028
Electrónica,9781
Ropa,1567
Hogar,6180
Ropa,9830
Alimentos,9402
Ropa,9231
Electrónica,8033
Hogar,6890
Electrónica,9646
Ropa,9376
Juguetes,4342
Alimentos,8250
Juguetes,6777
Alimentos,8469
Ropa,5102
Electrónica,1012
Hogar,3655
Juguetes,3533
Ropa,9225
Juguetes,8849
Alimentos,7988
Electrónica,7246
Ropa,2049
Electrónica,1662
Hogar,8020
Alimentos,8143
Ropa,1390
Alimentos,3058
Ropa,9439
Electrónica,1926
Juguetes,2574
Hogar,5088
Electrónica,1412
Juguetes,8446
Alimentos,9581
Hogar,3385
Juguetes,1982
Juguetes,7846
Alimentos,7813
Juguetes,7225
Ropa,4820
Ropa,8958
Hogar,7600
Juguetes,4211
Ropa,3992
Juguetes,7840
Hogar,3655
Ropa,3404
Juguetes,5377
Hogar,5787
Juguetes,3986
Hogar,7884
Alimentos,1639
Electrónica,4980
Juguetes,8486
Electrónica,5350
Ropa,6615
Alimentos,6250
Alimentos,3052
Electrónica,7751
Hogar,4380
Electrónica,9865
Alimentos,8383
Juguetes,1177
Electrónica,9373
Electrónica,3479
Juguetes,4743
Hogar,6869
Electrónica,1907
Juguetes,1454
Electrónica,6658
Alimentos,5530
Juguetes,4359
Hogar,1710
Juguetes,7643
Juguetes,7941
Electrónica,8676
Electrónica,9477
Electrónica,5948
Alimentos,7334
Electrónica,1158
Hogar,3734
Electrónica,6512
Hogar,5074
Ropa,3108
Alimentos,6730
Alimentos,2132
Ropa,2043
Ropa,9672
Ropa,9893
Alimentos,5111
Juguetes,8628
Electrónica,5362
Ropa,7123
Ropa,1783
Juguetes,3062
Hogar,3401
Hogar,8280
Alimentos,5142
Hogar,9900
Hogar,6892
Electrónica,9140
Hogar,5690
Hogar,1015
Hogar,7006
Ropa,5184
Electrónica,9019
Juguetes,8916
Juguetes,7118
Alimentos,2092
Juguetes,8485
Ropa,7515
Juguetes,5743
Alimentos,9376
Alimentos,1472
Ropa,9189
Juguetes,6729
Hogar,2117
Electrónica,9168
Alimentos,9702
Alimentos,9968
Ropa,1298
Electrónica,9616
Juguetes,9709
Electrónica,3878
Alimentos,8913
Ropa,8574
Alimentos,8565
Ropa,8571
Ropa,1377
Juguetes,3200
Alimentos,9045
Electrónica,6252
Hogar,8779
Electrónica,1234
Electrónica,5740
Ropa,7779
Electrónica,6718
Electrónica,2068
Alimentos,3134
Juguetes,6474
Hogar,1114
Ropa,7306
Electrónica,1022
Juguetes,4470
Hogar,5496
Ropa,2460
Electrónica,4622
Ropa,6090
Ropa,2129
Electrónica,4553
Electrónica,1755
Electrónica,3523
Alimentos,1462
Ropa,9265
Ropa,9984
Juguetes,2560
Ropa,6491
Electrónica,3884
Alimentos,4046
Electrónica,8692
Ropa,3993
Juguetes,8000
Ropa,2147
Electrónica,9943
Alimentos,8453
Ropa,4444
Electrónica,4247
Juguetes,3405
Alimentos,9581
Alimentos,9925
Juguetes,7572
Alimentos,3234
Alimentos,3057
Ropa,2137
Juguetes,3721
Ropa,5849
Electrónica,2905
Ropa,1213
Electrónica,6303
Alimentos,2335
Juguetes,3878
Alimentos,8136
Hogar,3375
Alimentos,6138
Juguetes,3238
Juguetes,2128
Ropa,2350
Hogar,6061
Electrónica,4197
Hogar,8802
Electrónica,5885
Electrónica,4539
Hogar,6502
Ropa,1163
Ropa,1125
Ropa,3534
Electrónica,8006
Electrónica,1620
Alimentos,5482
Hogar,4653
Electrónica,1665
Alimentos,4842
Juguetes,1664
Alimentos,1701
Electrónica,3427
Ropa,8953
Ropa,9922
Juguetes,8654
Electrónica,6739
Juguetes,9009
Hogar,6032
Electrónica,4948
Juguetes,5025
Juguetes,4223
Alimentos,7826
Electrónica,4804
Juguetes,1320
Ropa,4117
Electrónica,7192
Juguetes,5559
Electrónica,1420
Ropa,3225
Alimentos,2731
Hogar,7966
Alimentos,3143
Electrónica,7381
Ropa,9985
Juguetes,2270
Electrónica,4626
Hogar,1890
Juguetes,3786
Ropa,4201
Ropa,2170
Electrónica,5303
Alimentos,3169
Juguetes,4658
Juguetes,6821
Alimentos,1854
Hogar,5711
Electrónica,1783
Juguetes,5735
Alimentos,8012
Alimentos,2557
Alimentos,8407
Hogar,4582
Juguetes,2895
Ropa,5494
Juguetes,2293
Ropa,7068
Juguetes,3393
Electrónica,2600
Electrónica,1316
Juguetes,6072
Juguetes,3288
Electrónica,1817
Juguetes,4429
Hogar,3338
Alimentos,8061
Hogar,3812
Electrónica,4526
Alimentos,3513
Juguetes,8257
Alimentos,3696
Ropa,1998
Juguetes,2498
Alimentos,6181
Hogar,3578
Alimentos,6805
Alimentos,1754
Ropa,1896
Juguetes,7510
Alimentos,7274
Electrónica,2903
Juguetes,3862
Hogar,3009
Hogar,8210
Ropa,8980
Juguetes,9113
Electrónica,2347
Hogar,5277
Hogar,9773
Electrónica,8412
Electrónica,5951
Alimentos,3129
Juguetes,4201
Ropa,6915
Alimentos,5067
Hogar,1701
Ropa,4856
Electrónica,2023
Juguetes,7949
Juguetes,4905
Juguetes,3348
Hogar,9779
Electrónica,3252
Ropa,7171
Juguetes,8653
Ropa,9992
Electrónica,4842
Alimentos,3500
Juguetes,5530
Electrónica,6943
Electrónica,8664
Alimentos,8282
Ropa,9008
Juguetes,5749
Juguetes,7000
Hogar,6000
Hogar,1175
Electrónica,7944
Juguetes,1883
Electrónica,7615
Juguetes,1362
Hogar,3053
Hogar,9141
Hogar,6870
Alimentos,8442
Hogar,5818
Juguetes,5176
Hogar,1004
Alimentos,2766
Ropa,2511
Hogar,6929
Hogar,7672
Hogar,1007
Hogar,9393
Hogar,7934
Juguetes,7989
Hogar,8162
Ropa,7476
Juguetes,4096
Ropa,8276
Electrónica,2299
Hogar,3327
Electrónica,9168
Hogar,1252
Ropa,5373
Juguetes,5544
Ropa,4275
Electrónica,4564
Electrónica,6030
Juguetes,2185
Juguetes,5229
Juguetes,5303
Ropa,3564
Ropa,1319
Electrónica,3703
Alimentos,9042
Juguetes,4358
Electrónica,4812
Electrónica,4809
Hogar,5628
Hogar,3782
Ropa,1974
Hogar,5513
Ropa,7903
Alimentos,7611
Hogar,2349
Electrónica,1168
Juguetes,1141
Ropa,1477
Ropa,9233
Juguetes,5379
Alimentos,2197
Juguetes,7069
Ropa,3805
Alimentos,6389
Hogar,5266
Juguetes,1444
Hogar,1983
Alimentos,6856
Juguetes,8157
Juguetes,2095
Hogar,8634
Ropa,3074
Alimentos,8473
Ropa,9234
Alimentos,8716
Hogar,9488
Electrónica,4702
Alimentos,3478
Electrónica,2737
Hogar,2857
Ropa,5301
Alimentos,7185
Ropa,4608
Hogar,4188
Alimentos,7521
Juguetes,3224
Juguetes,4120
Alimentos,1908
Electrónica,8960
Electrónica,6120
Ropa,2051
Ropa,3406
Hogar,1152
Juguetes,7255
Hogar,7256
Juguetes,1210
Juguetes,5891
Juguetes,1561
Alimentos,7263
Hogar,2174
Alimentos,5851
Ropa,6313
Hogar,3422
Ropa,8772
Electrónica,8589
Juguetes,2142
Ropa,5500
Alimentos,3969
Electrónica,7861
Ropa,6374
Alimentos,2256
Electrónica,6836
Hogar,8404
Ropa,9620
Juguetes,4946
Hogar,6041
Alimentos,6887
Alimentos,8675
Juguetes,1805
Electrónica,7567
Electrónica,8720
Alimentos,2921
Ropa,3967
Hogar,6678
Alimentos,8581
Juguetes,1400
Electrónica,3994
Alimentos,4303
Alimentos,4787
Ropa,1801
Electrónica,8775
Juguetes,3537
Juguetes,9483
Alimentos,7201
Juguetes,1942
Electrónica,1621
Ropa,8724
Juguetes,3876
Juguetes,6721
Hogar,1155
Hogar,1872
Hogar,5941
Electrónica,4063
Hogar,8769
Alimentos,6497
Electrónica,3289
Juguetes,7899
Juguetes,9226
Juguetes,7414
Electrónica,4389
Alimentos,5830
Juguetes,6312
Juguetes,3699
Alimentos,1916
Juguetes,2196
Alimentos,1421
Hogar,6795
Ropa,7142
Alimentos,3014
Alimentos,9386
Juguetes,1172
Ropa,2309
Juguetes,6369
Ropa,9144
Ropa,1564
Ropa,2314
Hogar,7100
Juguetes,4850
Hogar,1177
Juguetes,5560
Hogar,7894
Electrónica,9782
Ropa,5056
Ropa,5951
Hogar,9054
Electrónica,3976
Juguetes,8223
Hogar,6725
Electrónica,9150
Hogar,5323
Ropa,8414
Juguetes,5950
Alimentos,4700
Hogar,2308
Ropa,8644
Electrónica,9741
Electrónica,2793
Hogar,6866
Juguetes,3735
Hogar,1996
Hogar,8889
Alimentos,7782
Electrónica,3540
Electrónica,7205
Juguetes,1031
Hogar,5736
Juguetes,9212
Alimentos,6776
Hogar,7912
Ropa,3088
Alimentos,8743
Alimentos,6353
Hogar,8927
Hogar,1529
Hogar,3186
Alimentos,8712
Hogar,8007
Ropa,5159
Alimentos,7083
Alimentos,6920
Electrónica,1250
Juguetes,4812
Electrónica,1619
Electrónica,9396
Alimentos,2548
Juguetes,1173
Juguetes,2066
Juguetes,4759
Hogar,1003
Electrónica,6695
Hogar,3594
Hogar,2403
Alimentos,8821
Electrónica,7170
Ropa,4173
Juguetes,3672
Hogar,8368
Alimentos,6320
Electrónica,7819
Electrónica,2122
Juguetes,1218
Ropa,4514
Alimentos,9607
Hogar,5790
Alimentos,4358
Hogar,1112
Ropa,5576
Hogar,1079
Hogar,7988
Hogar,7651
Ropa,2656
Alimentos,1063
Ropa,1537
Ropa,2359
Electrónica,1315
Ropa,7754
Ropa,8331
Ropa,2426
Ropa,8995
Electrónica,6955
Hogar,5128
Ropa,3330
Juguetes,2727
Ropa,2062
Juguetes,3479
Ropa,5216
Electrónica,6000
Juguetes,3963
Hogar,7425
Juguetes,9910
Hogar,4721
Ropa,5607
Hogar,5423
Alimentos,2948
Ropa,9977
Alimentos,3619
Juguetes,5509
Electrónica,5803
Alimentos,8262
Hogar,9443
Electrónica,9918
Ropa,6882
Hogar,7301
Hogar,7181
Ropa,4343
Ropa,4123
Ropa,2818
Hogar,3004
Alimentos,1737
Alimentos,1964
Electrónica,6387
Electrónica,2827
Ropa,9767
Electrónica,3581
Electrónica,8033
Juguetes,1162
Alimentos,2363
Ropa,9207
Alimentos,6587
Electrónica,2827
Electrónica,8687
Juguetes,2211
Ropa,9349
Ropa,3530
Electrónica,3866
Electrónica,2635
Alimentos,1203
Alimentos,7603
Ropa,2634
Ropa,7333
Alimentos,8210
Juguetes,6159
Hogar,9448
Hogar,7754
Hogar,6395
Hogar,4082
Electrónica,3829
Juguetes,2398
Alimentos,6492
Juguetes,8074
Hogar,6167
Juguetes,3089
Juguetes,5796
Alimentos,3380
Electrónica,3638
Ropa,9111
Juguetes,1363
Juguetes,4803
Juguetes,9798
Juguetes,3417
Alimentos,7757
Electrónica,2175
Hogar,3843
Hogar,1724
Alimentos,1578
Juguetes,4820
Hogar,3447
Alimentos,7597
Ropa,4788
Alimentos,6364
Alimentos,2774
Hogar,5788
Alimentos,8139
Ropa,8871
Hogar,7046
Electrónica,1298
Ropa,5905
Juguetes,9371
Electrónica,1872
Juguetes,1691
Electrónica,6576
Juguetes,9991
Juguetes,9219
Electrónica,6467
Alimentos,6347
Juguetes,3724
Ropa,9113
Juguetes,4764
Hogar,4759
Alimentos,6228
Electrónica,3775
Ropa,7427
Hogar,7121
Ropa,7983
Alimentos,7757
Juguetes,5838
Electrónica,2428
Juguetes,3677
Hogar,4126
Hogar,5611
Alimentos,2459
Hogar,4887
Hogar,8686
Alimentos,9466
Ropa,7997
Hogar,6402
Juguetes,8465
Electrónica,9501
Ropa,1970
Ropa,6460
Electrónica,1465
Ropa,7701
Electrónica,2775
Juguetes,1291
Ropa,7036
Juguetes,2421
Alimentos,7124
Alimentos,2198
Electrónica,8855
Ropa,2557
Electrónica,9756
Alimentos,4501
Electrónica,3144
Hogar,5926
Hogar,3209
Ropa,8848
Electrónica,9262
Electrónica,2090
Alimentos,7826
Ropa,2238
Hogar,9690
Ropa,3964
Hogar,5274
Ropa,6976
Alimentos,4388
Hogar,5631
Alimentos,1746
Alimentos,2663
Alimentos,8411
Alimentos,4515
Alimentos,2242
Alimentos,2147
Electrónica,5872
Electrónica,2713
Alimentos,5837
Hogar,4523
Electrónica,7615
Hogar,4977
Juguetes,3026
Alimentos,6897
Juguetes,8482
Juguetes,3915
Alimentos,4996
Hogar,8401
Hogar,4982
Hogar,1020
Ropa,9864
Ropa,7961
Hogar,9499
Alimentos,2218
Alimentos,4192
Electrónica,8265
Hogar,5206
Electrónica,7778
Electrónica,4983
Ropa,9533
Alimentos,5732
Hogar,3090
Hogar,4149
Alimentos,6715
Electrónica,4565
Hogar,7732
Alimentos,3963
Hogar,8468
Juguetes,3615
Hogar,5232
Juguetes,1451
Ropa,8212
Ropa,5437
Alimentos,8840
Hogar,4650
Hogar,9337
Alimentos,5166
Juguetes,1748
Ropa,9098
Ropa,6009
Ropa,2046
Ropa,4725
Electrónica,9567
Juguetes,7792
Ropa,9377
Juguetes,1088
Hogar,9134
Hogar,8128
Electrónica,4585
Electrónica,1964
Alimentos,5169
Electrónica,2788
Alimentos,9650
Electrónica,9330
Electrónica,3408
Electrónica,5511
Ropa,7543
Electrónica,7028
Juguetes,8949
Electrónica,2094
Electrónica,4810
Ropa,1717
Ropa,9836
Juguetes,5333
Juguetes,3337
Hogar,5300
Ropa,7008
Alimentos,1483
Electrónica,1277
Alimentos,5947
Hogar,5568
Alimentos,9479
Hogar,9470
Electrónica,4268
Hogar,9382
Juguetes,2458
Hogar,3145
Juguetes,3589
Ropa,8464
Electrónica,7433
Ropa,8777
Juguetes,3508
Alimentos,3629
Alimentos,6576
Ropa,9742
Hogar,8735
Alimentos,6982
Hogar,6109
Ropa,6051
Ropa,4004
Alimentos,6743
Alimentos,3963
Juguetes,1381
Ropa,8442
Hogar,3085
Hogar,4115
Alimentos,5890
Hogar,8283
Ropa,9702
Alimentos,5877
Electrónica,2101
Alimentos,3670
Juguetes,2329
Ropa,8573
Alimentos,9529
Hogar,6584
Hogar,2112
Juguetes,1428
Alimentos,5795
Ropa,1830
Hogar,9753
Electrónica,5999
Electrónica,1116
Electrónica,6011
Electrónica,2955
Electrónica,2162
Ropa,6432
Hogar,1664
Alimentos,8742
Hogar,7360
Electrónica,1194
Hogar,9772
Juguetes,8993
Electrónica,8405
Electrónica,1334
Alimentos,3076
Hogar,5179
Hogar,1876
Ropa,1134
Electrónica,3922
Hogar,4579
Juguetes,9163
Ropa,1129
Alimentos,3838
Juguetes,9801
Alimentos,5551
Alimentos,8957
Hogar,2365
Electrónica,1452
Hogar,2432
Hogar,6586
Juguetes,9496
Hogar,4082
Ropa,6150
Juguetes,2917
Hogar,7786
Electrónica,4302
Ropa,2254
Hogar,9896
Juguetes,6304
Alimentos,1181
Hogar,3060
Electrónica,4315
Alimentos,2585
Juguetes,7671
Hogar,2360
Hogar,3741
Ropa,6672
Hogar,4710
Hogar,7576
Alimentos,6243
Hogar,2043
Hogar,9544
Electrónica,1859
Alimentos,7482
Alimentos,1206
Electrónica,8258
Juguetes,8843
Hogar,2463
Hogar,6597
Hogar,8083
Hogar,8049
Ropa,8360
Ropa,4690
Electrónica,9380
Electrónica,9199
Electrónica,1690
Electrónica,2944
Ropa,8076
Juguetes,9956
Electrónica,9869
Hogar,7297
Hogar,5308
Hogar,7411
Hogar,4890
Hogar,4178
Juguetes,7266
Ropa,2756
Ropa,7497
Electrónica,4070
Ropa,1058
Ropa,3157
Electrónica,9602
Ropa,8118
Hogar,4107
Ropa,3565
Alimentos,3125
Hogar,2217
Hogar,3250
Ropa,7026
Hogar,1248
Juguetes,5633
Alimentos,3167
Alimentos,6201
Hogar,2516
Juguetes,4148
Ropa,7770
Electrónica,8498
Juguetes,1628
Electrónica,2582
Ropa,6701
Electrónica,3081
Juguetes,8993
Ropa,7046
Hogar,1420
Alimentos,2251
Ropa,6082
Alimentos,5822
Electrónica,1339
Alimentos,7709
Electrónica,7107
Alimentos,3111
Hogar,3143
Electrónica,7737
Ropa,1612
Alimentos,2855
Hogar,2057
Juguetes,4399
Electrónica,2093
Ropa,3546
Alimentos,1712
Hogar,4720
Electrónica,6828
Juguetes,6271
Juguetes,2101
Alimentos,2537
Juguetes,2979
Hogar,4787
Alimentos,8039
Hogar,1302
Alimentos,7775
Electrónica,9311
Electrónica,6108
Alimentos,8349
Alimentos,7569
Electrónica,6103
Juguetes,7001
Alimentos,1885
Hogar,2798
Juguetes,9102
Juguetes,6983
Electrónica,2811
Alimentos,6805
Ropa,4544
Ropa,7032
Ropa,3905
Hogar,5820
Juguetes,3461
Ropa,4805
Ropa,3980
Juguetes,5675
Electrónica,5006
Electrónica,4018
Ropa,4596
Ropa,1594
Hogar,1460
Ropa,4577
Electrónica,4323
Alimentos,4106
Juguetes,7693
Electrónica,8351
Alimentos,2810
Electrónica,3991
Ropa,7202
Hogar,4131
Ropa,1160
Juguetes,9096
Juguetes,3290
Electrónica,8825
Electrónica,8112
Ropa,9529
Hogar,1423
Alimentos,7767
Juguetes,5095
Ropa,9873
Electrónica,5090
Ropa,5482
Juguetes,3994
Alimentos,3122
Alimentos,1847
Hogar,2925
Ropa,9492
Ropa,9761
Alimentos,1361
Ropa,1496
Hogar,4194
Hogar,7854
Hogar,3614
Hogar,6130
Electrónica,7537
Alimentos,7867
Juguetes,6733
Juguetes,9897
Alimentos,4288
Electrónica,6490
Juguetes,7195
Hogar,1341
Juguetes,4563
Alimentos,5738
Ropa,9430
Ropa,6090
Alimentos,6241
Juguetes,3761
Hogar,5662
Juguetes,3111
Electrónica,6658
Alimentos,4303
Ropa,6146
Electrónica,2681
Electrónica,1815
Juguetes,6152
Ropa,3281
Ropa,8725
Alimentos,1410
Hogar,4539
Ropa,4440
Juguetes,8482
Electrónica,7213
Ropa,9014
Alimentos,8789
Electrónica,4715
Alimentos,7600
Hogar,7064
Electrónica,4548
Electrónica,8311
Juguetes,7476
Electrónica,8008
Electrónica,9523
Electrónica,2958
Electrónica,2430
Ropa,4680
Ropa,2638
Electrónica,8959
Ropa,4366
Hogar,3316
Juguetes,2615
Juguetes,3555
Ropa,6337
Hogar,5096
Electrónica,2311
Alimentos,1256
Ropa,3700
Electrónica,5404
Ropa,2851
Hogar,8328
Hogar,4146
Hogar,6694
Juguetes,8442
Hogar,2086
Juguetes,1370
Ropa,6886
Hogar,7435
Alimentos,9767
Hogar,9578
Juguetes,3101
Alimentos,5317
Juguetes,1669
Hogar,9048
Ropa,9726
Juguetes,5197
Juguetes,1586
Alimentos,4918
Hogar,2191
Electrónica,9455
Electrónica,5241
Alimentos,8026
Alimentos,9977
Electrónica,6917
Hogar,7486
Ropa,1173
Alimentos,9881
Juguetes,3150
Electrónica,5169
Juguetes,4327
Electrónica,2387
Ropa,6499
Electrónica,8072
Ropa,7337
Juguetes,9441
Ropa,4620
Electrónica,2886
Electrónica,3500
Hogar,1593
Electrónica,6451
Hogar,2000
Alimentos,2009
Alimentos,7617
Alimentos,9132
Hogar,2902
Electrónica,6068
Alimentos,7394
Ropa,5497
Juguetes,9306
Hogar,9489
Ropa,2938
Electrónica,1982
Hogar,5621
Hogar,7335
Electrónica,5518
Hogar,4408
Alimentos,3391
Juguetes,6451
Hogar,5041
Hogar,5094
Hogar,5236
Electrónica,1220
Electrónica,4466
Alimentos,5185
Electrónica,9321
Juguetes,1247
Alimentos,2923
Hogar,6409
Electrónica,5490
Juguetes,6340
Juguetes,6885
Ropa,5297
Electrónica,7201
Juguetes,9885
Electrónica,4848
Ropa,4869
Electrónica,8581
Electrónica,8658
Ropa,9584
Hogar,4316
Juguetes,2203
Juguetes,3559
Alimentos,9271
Juguetes,1851
Hogar,1311
Electrónica,3939
Electrónica,6285
Ropa,7621
Electrónica,4089
Juguetes,3102
Hogar,1103
Juguetes,2358
Hogar,8329
Electrónica,7321
Ropa,5781
Juguetes,8452
Alimentos,3437
Juguetes,6319
Hogar,6218
Juguetes,8454
Hogar,8738
Juguetes,5387
Juguetes,4929
Electrónica,3425
Ropa,8364
Alimentos,4676
Alimentos,6214
Hogar,9325
Ropa,8121
Hogar,2668
Electrónica,3928
Alimentos,4894
Hogar,5816
Juguetes,7670
Electrónica,6817
Alimentos,7208
Juguetes,2931
Ropa,1670
Juguetes,1369
Ropa,7206
Alimentos,1845
Ropa,4489
Hogar,5115
Alimentos,2488
Juguetes,5143
Electrónica,6948
Alimentos,2567
Juguetes,1041
Alimentos,4415
Ropa,1498
Juguetes,5852
Electrónica,3806
Hogar,8890
Alimentos,7468
Juguetes,7787
Electrónica,4241
Ropa,5078
Alimentos,1182
Juguetes,9863
Electrónica,3244
Electrónica,9346
Hogar,8276
Hogar,1579
Alimentos,9850
Electrónica,5672
Juguetes,6567
Hogar,7516
Alimentos,1925
Hogar,8329
Electrónica,6561
Electrónica,7865
Juguetes,4694
Alimentos,6836
Hogar,4658
Hogar,5794
Juguetes,5918
Alimentos,8778
Alimentos,4378
Alimentos,5922
Alimentos,2725
Hogar,1803
Juguetes,6064
Electrónica,6592
Juguetes,8490
Electrónica,8520
Juguetes,5496
Hogar,1710
Juguetes,4344
Ropa,8667
Juguetes,3587
Alimentos,6263
Hogar,6788
Juguetes,9811
Electrónica,4242
Electrónica,2969
Juguetes,1994
Alimentos,2979
Juguetes,7239
Electrónica,7583
Juguetes,1072
Alimentos,3853
Juguetes,2432
Ropa,6211
Alimentos,3954
Ropa,2388
Alimentos,6693
Juguetes,2686
Alimentos,4540
Electrónica,6158
Hogar,4359
Ropa,4987
Hogar,2848
Juguetes,4587
Hogar,7017
Alimentos,8958
Alimentos,3730
Juguetes,1237
Ropa,3455
Hogar,9223
Hogar,9496
Juguetes,1247
Ropa,8570
Juguetes,9398
Alimentos,6707
Ropa,6146
Juguetes,1880
Ropa,3965
Alimentos,9325
Juguetes,1474
Juguetes,2800
Ropa,3561
Electrónica,8195
Electrónica,8179
Alimentos,7064
Ropa,8256
Ropa,2639
Hogar,6249
Alimentos,4592
Electrónica,8800
Alimentos,8132
Electrónica,3962
Electrónica,5528
Ropa,3192
Electrónica,8633
Ropa,4424
Hogar,5633
Hogar,8671
Juguetes,9528
Alimentos,2602
Hogar,3636
Juguetes,4616
Juguetes,7282
Juguetes,5924
Juguetes,2543
Juguetes,8339
Alimentos,4154
Hogar,6992
Ropa,1388
Alimentos,6641
Hogar,3984
Electrónica,7182
Alimentos,4715
Hogar,1386
Juguetes,1352
Electrónica,8506
Alimentos,6724
Alimentos,9268
Juguetes,6054
Hogar,9144
Ropa,8988
Juguetes,9457
Ropa,6063
Electrónica,7583
Alimentos,6426
Electrónica,7283
Juguetes,9389
Ropa,7584
Electrónica,2378
Ropa,7829
Alimentos,6018
Alimentos,6758
Hogar,9477
Electrónica,9230
Electrónica,7231
Ropa,3606
Ropa,6715
Alimentos,4277
Juguetes,8302
Juguetes,2572
Alimentos,9682
Electrónica,6502
Electrónica,4443
Juguetes,3544
Juguetes,6419
Ropa,2714
Electrónica,3518
Alimentos,2684
Alimentos,6876
Electrónica,6716
Alimentos,6295
Alimentos,2496
Hogar,2045
Ropa,5122
Alimentos,2106
Ropa,4553
Juguetes,6014
Hogar,9292
Electrónica,9158
Electrónica,6261
Alimentos,8886
Ropa,3187
Ropa,1024
Alimentos,1937
Electrónica,2252
Juguetes,5101
Juguetes,2951
Electrónica,6337
Juguetes,8419
Alimentos,3418
Juguetes,3328
Juguetes,4419
Alimentos,3733
Juguetes,4359
Ropa,7049
Alimentos,9775
Hogar,8536
Juguetes,5162
Electrónica,9402
Ropa,8220
Alimentos,8561
Ropa,4070
Hogar,8092
Electrónica,3329
Alimentos,3174
Alimentos,6439
Alimentos,7680
Ropa,1048
Alimentos,3150
Hogar,2140
Hogar,8516
Electrónica,1119
Ropa,9030
Ropa,8852
Alimentos,7232
Ropa,3682
Alimentos,3977
Electrónica,5796
Juguetes,5816
Electrónica,2604
Juguetes,7698
Hogar,1521
Ropa,3234
Ropa,8669
Alimentos,3309
Electrónica,8264
Hogar,5882
Juguetes,2687
Juguetes,4104
Juguetes,5732
Ropa,5983
Ropa,6611
Juguetes,4822
Hogar,1247
Electrónica,7002
Hogar,1699
Hogar,7593
Alimentos,6368
Juguetes,7453
Hogar,5755
Alimentos,4834
Hogar,8348
Electrónica,8398
Electrónica,8722
Ropa,5167
Electrónica,3787
Hogar,5825
Alimentos,5561
Hogar,4746
Electrónica,9567
Ropa,9241
Hogar,8856
Alimentos,6058
Hogar,5840
Juguetes,8740
Alimentos,1981
Juguetes,3656
Ropa,1839
Electrónica,2871
Ropa,4356
Hogar,1436
Juguetes,5861
Ropa,3586
Juguetes,4157
Juguetes,6157
Electrónica,4702
Alimentos,9914
Hogar,7554
Juguetes,2261
Electrónica,1138
Electrónica,4523
Alimentos,3976
Electrónica,3571
Ropa,1937
Juguetes,1537
Ropa,1038
Hogar,3602
Ropa,6225
Hogar,3896
Ropa,3815
Juguetes,9766
Alimentos,8596
Ropa,3238
Ropa,4929
Electrónica,4925
Alimentos,3683
Electrónica,6962
Alimentos,5279
Hogar,1171
Ropa,2691
Juguetes,9418
Juguetes,2236
Ropa,3646
Alimentos,5225
Electrónica,5432
Juguetes,7666
Electrónica,9457
Alimentos,9171
Ropa,7464
Hogar,4162
Alimentos,6258
Ropa,3047
Electrónica,3079
Alimentos,6216
Ropa,6404
Electrónica,5353
Juguetes,7412
Juguetes,1119
Alimentos,4726
Juguetes,8790
Alimentos,3197
Juguetes,8748
Ropa,9596
Ropa,9591
Electrónica,1617
Juguetes,7245
Juguetes,8564
Electrónica,3265
Ropa,3064
Ropa,9552
Juguetes,3466
Juguetes,1991
Juguetes,2321
Ropa,1573
Alimentos,1202
Alimentos,8455
Juguetes,5241
Hogar,9268
Hogar,4730
Ropa,7667
Alimentos,9421
Electrónica,3694
Ropa,6576
Ropa,6006
Alimentos,5519
Hogar,3772
Hogar,2951
Electrónica,4753
Alimentos,2925
Alimentos,1590
Ropa,4361
Juguetes,5356
Electrónica,2920
Juguetes,4364
Electrónica,7210
Electrónica,4401
Hogar,2662
Juguetes,9288
Electrónica,5666
Ropa,5488
Alimentos,2436
Juguetes,3498
Juguetes,5166
Hogar,4224
Alimentos,3224
Alimentos,7082
Juguetes,5108
Alimentos,5015
Alimentos,7297
Hogar,3473
Ropa,9353
Ropa,4302
Alimentos,7365
Ropa,2268
Ropa,3590
Juguetes,4514
Juguetes,6669
Hogar,4401
Ropa,7031
Juguetes,8491
Ropa,7026
Juguetes,3162
Juguetes,5397
Juguetes,3034
Alimentos,6995
Ropa,6445
Hogar,1112
Electrónica,6516
Electrónica,3836
Hogar,4857
Ropa,3968
Electrónica,7225
Electrónica,6249
Hogar,8146
Ropa,6679
Hogar,7960
Ropa,1541
Juguetes,5548
Juguetes,9676
Ropa,7476
Hogar,6953
Alimentos,5792
Electrónica,1335
Ropa,3060
Hogar,6005
Ropa,7689
Alimentos,7207
Juguetes,1906
Alimentos,1718
Juguetes,1490
Electrónica,8847
Alimentos,7857
Juguetes,2709
Alimentos,9173
Hogar,8166
Hogar,7129
Ropa,4066
Alimentos,5197
Electrónica,8357
Juguetes,6348
Hogar,9161
Ropa,8894
Electrónica,6284
Alimentos,7385
Electrónica,8434
Hogar,7907
Electrónica,9383
Hogar,9986
Alimentos,6103
Ropa,8340
Electrónica,8068
Hogar,9816
Hogar,6901
Hogar,8932
Juguetes,4332
Electrónica,3292
Ropa,2546
Hogar,4659
Ropa,8237
Juguetes,3555
Ropa,7072
Ropa,6773
Hogar,6025
Electrónica,8856
Hogar,8985
Ropa,3967
Juguetes,5661
Juguetes,2378
Alimentos,5980
Alimentos,4896
Electrónica,1280
Alimentos,5613
Hogar,3691
Hogar,4539
Hogar,9084
Hogar,6098
Alimentos,3506
Electrónica,3220
Juguetes,1105
Juguetes,8952
Ropa,4948
Electrónica,3698
Electrónica,9495
Alimentos,9406
Hogar,6544
Ropa,1233
Juguetes,7059
Alimentos,9015
Ropa,5368
Hogar,4968
Electrónica,1045
Hogar,1724
Electrónica,4135
Juguetes,9257
Alimentos,3459
Alimentos,4023
Alimentos,2132
Electrónica,8514
Juguetes,7586
Ropa,8458
Alimentos,8310
Ropa,1864
Juguetes,4794
Hogar,4458
Alimentos,3514
Ropa,4888
Alimentos,5721
Alimentos,4675
Alimentos,5113
Alimentos,3680
Juguetes,9409
Juguetes,3733
Juguetes,2441
Juguetes,4207
Alimentos,6722
Ropa,4586
Electrónica,4900
Juguetes,2347
Electrónica,1275
Juguetes,6670
Hogar,5819
Hogar,1960
Electrónica,7095
Ropa,4067
Hogar,1589
Hogar,2968
Ropa,7864
Juguetes,8404
Ropa,8837
Juguetes,7145
Hogar,2974
Hogar,9285
Electrónica,4263
Ropa,1782
Alimentos,6667
Hogar,8916
Electrónica,7282
Hogar,3985
Alimentos,2102
Alimentos,2023
Juguetes,1194
Juguetes,7090
Ropa,8858
Alimentos,1256
Alimentos,8375
Electrónica,2477
Juguetes,4721
Alimentos,3536
Juguetes,2162
Hogar,5447
Hogar,2066
Juguetes,1334
Alimentos,5782
Juguetes,3096
Alimentos,8513
Ropa,1441
Hogar,4373
Alimentos,4229
Alimentos,7245
Hogar,1706
Electrónica,7353
Juguetes,3238
Alimentos,8121
Juguetes,9170
Ropa,1566
Electrónica,1593
Ropa,2868
Ropa,5205
Electrónica,4200
Juguetes,6374
Electrónica,2306
Alimentos,7636
Alimentos,6038
Juguetes,8113
Hogar,9268
Electrónica,3770
Hogar,2315
Electrónica,8343
Hogar,9927
Ropa,7974
Juguetes,6859
Juguetes,8001
Hogar,6451
Juguetes,6814
Alimentos,9190
Electrónica,8548
Alimentos,1507
Juguetes,1442
Electrónica,6913
Ropa,3902
Alimentos,3032
Juguetes,6034
Electrónica,1716
Alimentos,9213
Ropa,9967
Alimentos,4274
Alimentos,7995
Hogar,9464
Alimentos,9747
Hogar,1598
Hogar,5205
Electrónica,5573
Hogar,7053
Juguetes,8308
Hogar,6210
Alimentos,4380
Hogar,5569
Ropa,4673
Alimentos,3732
Alimentos,3821
Alimentos,7055
Juguetes,3139
Electrónica,3535
Ropa,1305
Ropa,2035
Ropa,4283
Ropa,7113
Alimentos,8747
Hogar,9460
Alimentos,3972
Juguetes,8091
Electrónica,1743
Juguetes,3411
Electrónica,1019
Electrónica,6049
Juguetes,2435
Electrónica,8115
Hogar,5205
Ropa,6095
Hogar,2510
Juguetes,5626
Electrónica,2105
Electrónica,5098
Hogar,9817
Ropa,7778
Juguetes,4212
Alimentos,6514
Hogar,2174
Hogar,5865
Hogar,9396
Electrónica,7039
Hogar,9654
Juguetes,6054
Hogar,5621
Ropa,8824
Electrónica,1049
Juguetes,1273
Juguetes,1157
Hogar,3072
Ropa,1107
Ropa,8295
Juguetes,5992
Ropa,8490
Juguetes,8386
Hogar,7435
Ropa,6152
Ropa,8926
Ropa,1111
Hogar,5036
Alimentos,7771
Juguetes,9797
Ropa,7131
Juguetes,5122
Juguetes,4659
Ropa,2987
Hogar,8636
Juguetes,4796
Electrónica,3058
Ropa,1102
Juguetes,2076
Electrónica,4025
Alimentos,5482
Hogar,9896
Juguetes,1868
Ropa,5857
Juguetes,2966
Ropa,1821
Alimentos,5462
Juguetes,5149
Electrónica,7817
Electrónica,3102
Alimentos,2713
Electrónica,6220
Electrónica,8183
Electrónica,5125
Juguetes,9528
Hogar,8450
Hogar,7480
Ropa,6688
Electrónica,1756
Juguetes,9155
Juguetes,7060
Hogar,2764
Hogar,1157
Juguetes,5098
Juguetes,5974
Ropa,9492
Juguetes,7710
Ropa,2829
Electrónica,9566
Juguetes,8724
Ropa,6715
Electrónica,1248
Alimentos,6541
Juguetes,8768
Electrónica,3126
Hogar,1574
Alimentos,5946
Ropa,9457
Alimentos,7018
Hogar,5578
Electrónica,4911
Ropa,1856
Juguetes,6309
Electrónica,6776
Ropa,2704
Hogar,9339
Hogar,3041
Ropa,2998
Alimentos,6777
Alimentos,6657
Juguetes,7538
Electrónica,5638
Hogar,7667
Hogar,9764
Hogar,7533
Alimentos,7083
Electrónica,4945
Juguetes,4705
Alimentos,6759
Juguetes,2449
Alimentos,1021
Hogar,1449
Juguetes,2838
Juguetes,3843
Hogar,4900
Electrónica,8346
Electrónica,9317
Hogar,5255
Electrónica,4854
Juguetes,1292
Juguetes,7611
Ropa,8639
Hogar,1607
Ropa,5556
Alimentos,3855
Ropa,8064
Electrónica,4386
Alimentos,6785
Alimentos,9522
Hogar,3152
Electrónica,2848
Ropa,3127
Juguetes,4246
Ropa,5404
Electrónica,2439
Alimentos,4008
Electrónica,5501
Hogar,3798
Electrónica,6595
Hogar,2917
Juguetes,9848
Alimentos,6359
Juguetes,9199
Ropa,6675
Hogar,4594
Electrónica,8576
Ropa,4627
Electrónica,2123
Alimentos,8290
Alimentos,9026
Juguetes,1869
Electrónica,1216
Electrónica,3425
Ropa,2289
Juguetes,7995
Electrónica,9956
Ropa,7677
Hogar,4084
Ropa,5085
Alimentos,3404
Hogar,7751
Ropa,3374
Ropa,2950
Juguetes,7293
Hogar,2004
Hogar,3849
Electrónica,6136
Hogar,5279
Electrónica,9568
Ropa,8135
Juguetes,7272
Alimentos,3873
Hogar,9169
Hogar,8284
Alimentos,5019
Ropa,1679
Alimentos,1330
Hogar,2951
Electrónica,8634
Electrónica,7199
Hogar,4909
Alimentos,1579
Alimentos,6074
Electrónica,6090
Electrónica,2193
Alimentos,9941
Juguetes,8806
Juguetes,1033
Juguetes,8673
Alimentos,7574
Juguetes,4813
Juguetes,1559
Electrónica,6105
Juguetes,3866
Hogar,1396
Electrónica,3925
Hogar,4918
Hogar,9881
Juguetes,8571
Electrónica,7840
Hogar,3311
Alimentos,2097
Juguetes,3521
Hogar,1904
Ropa,6885
Electrónica,4400
Ropa,8295
Juguetes,3384
Electrónica,2889
Juguetes,3660
Ropa,9991
Alimentos,9132
Ropa,8264
Alimentos,9647
Ropa,6843
Hogar,5005
Electrónica,7182
Alimentos,2784
Alimentos,4068
Hogar,1705
Ropa,1625
Juguetes,4404
Electrónica,9450
Hogar,4584
Electrónica,4797
Alimentos,9782
Alimentos,2468
Hogar,6432
Alimentos,6062
Ropa,2879
Hogar,4599
Hogar,3250
Alimentos,2641
Electrónica,3429
Ropa,3695
Hogar,4915
Alimentos,2259
Alimentos,9586
Juguetes,2609
Electrónica,2823
Hogar,3937
Alimentos,5441
Ropa,1458
Ropa,9782
Juguetes,6355
Hogar,6039
Ropa,3122
Alimentos,3407
Juguetes,3215
Ropa,3485
Hogar,9048
Ropa,1365
Ropa,5898
Ropa,9159
Ropa,3870
Juguetes,8839
Ropa,9845
Hogar,7633
Electrónica,8501
Alimentos,1859
Juguetes,9513
Alimentos,8630
Juguetes,5645
Hogar,9547
Ropa,6358
Hogar,6269
Juguetes,4390
Hogar,2542
Electrónica,7526
Hogar,6050
Juguetes,6108
Juguetes,4184
Ropa,4004
Hogar,2195
Electrónica,4460
Alimentos,6477
Juguetes,8431
Alimentos,4360
Juguetes,7027
Alimentos,2121
Alimentos,7383
Hogar,2972
Alimentos,9882
Ropa,5099
Juguetes,5693
Alimentos,9946
Electrónica,5347
Alimentos,2106
Ropa,5249
Electrónica,3759
Ropa,4151
Alimentos,2322
Hogar,3267
Alimentos,3543
Juguetes,3583
Hogar,8365
Hogar,5708
Juguetes,4878
Ropa,5307
Hogar,6007
Ropa,3251
Ropa,2516
Alimentos,5377
Juguetes,4406
Alimentos,4630
Electrónica,5916
Electrónica,7801
Juguetes,2174
Electrónica,4672
Alimentos,6668
Juguetes,6809
Hogar,6784
Ropa,6635
Juguetes,5405
Ropa,8463
Ropa,1112
Hogar,5740
Alimentos,7305
Hogar,6391
Electrónica,6738
Juguetes,7048
Ropa,2780
Alimentos,3276
Juguetes,8564
Hogar,6261
Juguetes,5595
Juguetes,9938
Ropa,8272
Alimentos,2456
Electrónica,5574
Alimentos,7256
Hogar,3239
Alimentos,2849
Ropa,5227
Juguetes,1235
Juguetes,4843
Hogar,9016
Juguetes,6609
Ropa,8468
Juguetes,2204
Electrónica,1190
Alimentos,9554
Ropa,2616
Electrónica,6503
Alimentos,5744
Alimentos,3973
Hogar,5770
Alimentos,6808
Hogar,8976
Juguetes,6246
Electrónica,3298
Alimentos,4557
Alimentos,3467
Electrónica,6497
Electrónica,3320
Alimentos,4728
Hogar,2966
Juguetes,9233
Hogar,7089
Ropa,8994
Ropa,6593
Alimentos,2789
Electrónica,6119
Juguetes,1894
Electrónica,3024
Alimentos,8706
Juguetes,9306
Hogar,2050
Ropa,9703
Alimentos,3878
Electrónica,2833
Hogar,5631
Juguetes,1884
Juguetes,2623
Electrónica,2112
Alimentos,9280
Alimentos,6989
Ropa,2360
Hogar,4887
Juguetes,8577
Juguetes,2497
Electrónica,5044
Hogar,8339
Ropa,4934
Alimentos,2552
Hogar,7875
Ropa,1306
Electrónica,2778
Alimentos,6411
Alimentos,8778
Alimentos,1048
Juguetes,9655
Electrónica,5558
Ropa,7906
Ropa,4152
Ropa,2821
Electrónica,3320
Alimentos,7717
Hogar,5644
Ropa,1642
Juguetes,2457
Alimentos,4765
Alimentos,9406
Juguetes,9888
Ropa,6175
Electrónica,6072
Electrónica,1816
Electrónica,9100
Juguetes,4511
Hogar,5552
Alimentos,4841
Electrónica,4418
Electrónica,7883
Electrónica,4044
Juguetes,9444
Juguetes,4924
Electrónica,9863
Electrónica,1951
Hogar,1063
Electrónica,5087
Electrónica,9069
Ropa,8507
Hogar,2426
Hogar,8569
Ropa,1067
Juguetes,2823
Alimentos,9194
Electrónica,1528
Electrónica,6497
Ropa,6864
Hogar,6571
Juguetes,9317
Hogar,2542
Electrónica,5429
Ropa,9112
Electrónica,1319
Hogar,8058
Electrónica,3656
Alimentos,9644
Juguetes,4911
Hogar,3370
Juguetes,7859
Juguetes,1176
Alimentos,5449
Alimentos,2379
Alimentos,2306
Juguetes,8118
Ropa,4888
Electrónica,7769
Hogar,2946
Ropa,5225
Electrónica,6547
Juguetes,2428
Ropa,6247
Hogar,7155
Hogar,5591
Ropa,1702
Ropa,7253
Ropa,5597
Hogar,3704
Ropa,4451
Juguetes,2653
Ropa,1671
Juguetes,5970
Ropa,7631
Hogar,1002
Ropa,5364
Juguetes,9353
Alimentos,3223
Alimentos,2078
Electrónica,5401
Electrónica,1152
Ropa,3503
Hogar,1295
Electrónica,3468
Ropa,2538
Electrónica,7156
Hogar,6825
Ropa,1565
Hogar,7972
Electrónica,7252
Hogar,7927
Alimentos,6713
Alimentos,1768
Electrónica,7041
Ropa,6284
Electrónica,8969
Electrónica,4575
Electrónica,5628
Hogar,6905
Hogar,6660
Electrónica,2251
Electrónica,6135
Hogar,2905
Alimentos,2243
Hogar,8327
Alimentos,8564
Alimentos,3274
Ropa,7806
Juguetes,8351
Electrónica,1636
Juguetes,4151
Alimentos,6901
Hogar,7095
Alimentos,3592
Electrónica,5140
Hogar,6679
Electrónica,5649
Juguetes,1385
Juguetes,9148
Alimentos,3829
Juguetes,6145
Juguetes,7826
Juguetes,6724
Juguetes,3595
Alimentos,8876
Electrónica,5691
Electrónica,9781
Ropa,1782
Juguetes,3263
Alimentos,6978
Hogar,5531
Hogar,2913
Ropa,2862
Ropa,4958
Ropa,3409
Electrónica,6380
Juguetes,5951
Juguetes,4261
Alimentos,3030
Hogar,2554
Ropa,7076
Alimentos,4954
Juguetes,4733
Hogar,7187
Juguetes,9966
Juguetes,2959
Electrónica,7453
Alimentos,8324
Hogar,6314
Alimentos,6296
Hogar,7665
Juguetes,1335
Ropa,7988
Juguetes,5832
Electrónica,7923
Electrónica,2372
Electrónica,8759
Hogar,3319
Juguetes,6046
Electrónica,8837
Ropa,9961
Juguetes,7616
Juguetes,3705
Alimentos,8815
Alimentos,2188
Hogar,9956
Juguetes,8643
Juguetes,9530
Ropa,6856
Ropa,7580
Alimentos,5558
Alimentos,6042
Alimentos,7528
Hogar,2072
Hogar,8434
Hogar,2838
Ropa,6427
Juguetes,3621
Alimentos,7044
Alimentos,3159
Alimentos,5189
Ropa,4430
Hogar,7832
Ropa,7826
Hogar,2116
Electrónica,5622
Alimentos,4982
Electrónica,6830
Ropa,8554
Hogar,1548
Alimentos,9785
Alimentos,7058
Juguetes,6759
Juguetes,3382
Juguetes,5668
Hogar,2414
Juguetes,4893
Ropa,7356
Ropa,2580
Juguetes,6030
Alimentos,7640
Ropa,3275
Alimentos,1856
Hogar,6437
Electrónica,1980
Ropa,5468
Hogar,7951
Hogar,9405
Hogar,1627
Ropa,7842
Electrónica,4736
Juguetes,3492
Electrónica,4898
Ropa,2653
Juguetes,5280
Hogar,2105
Juguetes,8834
Juguetes,5749
Hogar,5653
Alimentos,2156
Juguetes,6080
Electrónica,9956
Hogar,4677
Alimentos,8483
Juguetes,5652
Electrónica,9418
Alimentos,9693
Ropa,4284
Electrónica,7558
Juguetes,9199
Electrónica,8394
Ropa,8877
Alimentos,8687
Electrónica,4205
Electrónica,6896
Alimentos,5510
Juguetes,3005
Electrónica,3543
Ropa,5354
Juguetes,2360
Hogar,8502
Hogar,6890
Electrónica,3365
Hogar,8255
Alimentos,8009
Juguetes,4496
Juguetes,3645
Hogar,4477
Electrónica,8781
Alimentos,7768
Hogar,9905
Hogar,1251
Juguetes,4089
Alimentos,8357
Ropa,8270
Hogar,3774
Juguetes,6808
Ropa,5729
Electrónica,5799
Juguetes,1268
Ropa,3510
Electrónica,3313
Hogar,8575
Alimentos,5589
Electrónica,2977
Alimentos,1111
Juguetes,8570
Juguetes,2573
Alimentos,2127
Juguetes,6270
Hogar,8142
Electrónica,2197
Alimentos,4951
Ropa,6182
Juguetes,3203
Ropa,7022
Alimentos,8231
Ropa,9556
Ropa,2239
Hogar,6665
Juguetes,3985
Ropa,8922
Juguetes,1978
Hogar,2258
Hogar,5878
Juguetes,7875
Alimentos,8796
Alimentos,3907
Juguetes,5970
Alimentos,4653
Hogar,1044
Alimentos,3667
Electrónica,7560
Ropa,7812
Juguetes,3521
Juguetes,1639
Alimentos,7636
Electrónica,8696
Electrónica,7273
Electrónica,9515
Alimentos,4465
Juguetes,7053
Juguetes,1074
Electrónica,5557
Juguetes,3521
Hogar,3493
Alimentos,4195
Alimentos,4715
Alimentos,6607
Electrónica,9391
Juguetes,8871
Electrónica,1496
Electrónica,2854
Alimentos,1429
Alimentos,2976
Alimentos,5824
Juguetes,8789
Hogar,7332
Ropa,5266
Juguetes,7943
Electrónica,2146
Ropa,7481
Electrónica,8917
Ropa,4947
Juguetes,6802
Electrónica,2106
Juguetes,4103
Electrónica,2001
Ropa,2818
Ropa,3373
Alimentos,2064
Electrónica,1579
Juguetes,2675
Hogar,5502
Hogar,1951
Hogar,4278
Ropa,6541
Juguetes,5757
Alimentos,5175
Juguetes,7881
Juguetes,6333
Ropa,6325
Juguetes,8909
Electrónica,5344
Alimentos,7806
Juguetes,1895
Juguetes,2830
Hogar,5767
Electrónica,6932
Ropa,6075
Juguetes,4214
Ropa,6355
Juguetes,8732
Alimentos,7840
Hogar,5034
Juguetes,1864
Juguetes,8074
Hogar,8837
Ropa,7994
Alimentos,5524
Hogar,5846
Juguetes,8234
Hogar,6579
Alimentos,8166
Ropa,5990
Hogar,3245
Electrónica,4054
Electrónica,5252
Alimentos,5526
Ropa,3134
Hogar,6115
Alimentos,9277
Ropa,7608
Juguetes,7989
Electrónica,7931
Electrónica,1897
Ropa,5013
Ropa,8695
Ropa,9051
Hogar,7853
Ropa,2137
Electrónica,5935
Ropa,2603
Ropa,3254
Juguetes,4587
Ropa,8546
Hogar,5713
Ropa,3435
Alimentos,6898
Juguetes,3498
Alimentos,1634
Alimentos,6769
Electrónica,1225
Hogar,8449
Alimentos,7367
Alimentos,2822
Alimentos,4067
Ropa,5299
Alimentos,4662
Hogar,4958
Hogar,8909
Alimentos,1008
Hogar,7464
Alimentos,2326
Juguetes,8683
Electrónica,5385
Ropa,9547
Alimentos,5540
Electrónica,2385
Ropa,3950
Electrónica,9205
Ropa,1906
Juguetes,1088
Ropa,5150
Electrónica,5683
Ropa,4433
Alimentos,6859
Ropa,8896
Electrónica,6348
Electrónica,4485
Alimentos,3941
Alimentos,2745
Hogar,5962
Electrónica,7968
Juguetes,1652
Hogar,5936
Alimentos,1315
Hogar,9829
Alimentos,6420
Ropa,5260
Electrónica,6112
Alimentos,6733
Electrónica,6804
Hogar,4708
Alimentos,6652
Hogar,2098
Hogar,3113
Juguetes,6037
Electrónica,9334
Ropa,4901
Ropa,6763
Juguetes,4262
Ropa,7344
Alimentos,7889
Hogar,8604
Electrónica,9474
Ropa,1080
Electrónica,3906
Electrónica,8207
Hogar,9680
Juguetes,4408
Hogar,3611
Hogar,7353
Hogar,7598
Hogar,8557
Juguetes,5272
Juguetes,5543
Ropa,7264
Hogar,7392
Electrónica,3528
Hogar,1782
Hogar,3676
Juguetes,1406
Electrónica,6334
Hogar,2075
Hogar,2505
Juguetes,9910
Ropa,5075
Electrónica,8873
Electrónica,8287
Electrónica,8787
Juguetes,5339
Juguetes,8031
Hogar,4511
Ropa,2595
Electrónica,1817
Ropa,9519
Ropa,9692
Alimentos,1988
Hogar,4215
Alimentos,9059
Electrónica,3713
Hogar,3796
Juguetes,9489
Hogar,2962
Alimentos,7303
Ropa,4878
Hogar,3535
Ropa,1369
Juguetes,2059
Juguetes,3560
Hogar,9968
Alimentos,4115
Alimentos,1036
Electrónica,6526
Hogar,2954
Juguetes,7564
Ropa,8474
Juguetes,4856
Hogar,1730
Electrónica,9569
Juguetes,5548
Alimentos,2473
Electrónica,5156
Ropa,8489
Hogar,7558
Hogar,4414
Alimentos,2108
Hogar,1362
Juguetes,4626
Electrónica,5268
Juguetes,1038
Hogar,1225
Juguetes,2576
Electrónica,6799
Ropa,4356
Ropa,9948
Juguetes,1743
Hogar,5608
Juguetes,9254
Juguetes,9247
Hogar,7438
Juguetes,9463
Ropa,1780
Juguetes,4518
Juguetes,5311
Hogar,6814
Alimentos,3435
Electrónica,7358
Ropa,4245
Electrónica,5561
Hogar,2610
Alimentos,4714
Juguetes,6806
Alimentos,8332
Ropa,2895
Ropa,5122
Hogar,5300
Electrónica,5950
Hogar,2208
Electrónica,2085
Electrónica,5374
Electrónica,2613
Electrónica,2612
Electrónica,7028
Electrónica,6707
Juguetes,2301
Hogar,6289
Alimentos,1299
Electrónica,4578
Alimentos,6819
Electrónica,9121
Electrónica,4707
Hogar,2130
Electrónica,9705
Electrónica,6314
Juguetes,3323
Alimentos,3890
Juguetes,4106
Ropa,4119
Ropa,7711
Juguetes,1417
Hogar,7406
Ropa,6510
Juguetes,8881
Ropa,4939
Juguetes,9826
Electrónica,7519
Ropa,3436
Hogar,1417
Hogar,4239
Juguetes,8758
Ropa,4665
Juguetes,6196
Electrónica,8604
Electrónica,7270
Alimentos,7442
Electrónica,7184
Hogar,7612
Ropa,1688
Electrónica,3192
Ropa,1349
Ropa,3487
Electrónica,1876
Ropa,8586
Juguetes,5900
Hogar,5309
Hogar,4360
Juguetes,2927
Juguetes,8601
Alimentos,1690
Ropa,2414
Alimentos,3003
Hogar,9240
Alimentos,5593
Ropa,1452
Alimentos,8504
Alimentos,4504
Juguetes,5590
Alimentos,2921
Ropa,1188
Alimentos,1075
Electrónica,6937
Alimentos,7795
Ropa,1814
Alimentos,6749
Alimentos,5976
Ropa,7602
Juguetes,3838
Alimentos,2712
Juguetes,7150
Juguetes,7654
Ropa,7022
Juguetes,9130
Electrónica,1906
Juguetes,8936
Electrónica,9414
Ropa,8435
Alimentos,9170
Alimentos,8193
Ropa,6818
Hogar,8247
Juguetes,8144
Juguetes,6591
Hogar,8228
Alimentos,6731
Juguetes,6540
Ropa,7642
Alimentos,2474
Juguetes,1420
Alimentos,7000
Juguetes,1615
Alimentos,1102
Electrónica,5879
Electrónica,3266
Juguetes,7471
Juguetes,8556
Hogar,1790
Hogar,4802
Hogar,3030
Ropa,8396
Hogar,4739
Hogar,8050
Juguetes,1071
Juguetes,2041
Alimentos,4220
Juguetes,6838
Electrónica,2480
Juguetes,3995
Alimentos,2423
Alimentos,4620
Electrónica,1392
Juguetes,3874
Ropa,8446
Alimentos,8842
Hogar,6891
Hogar,9904
Alimentos,7269
Ropa,1587
Hogar,6040
Electrónica,9493
Alimentos,5826
Ropa,8349
Juguetes,3530
Electrónica,2815
Hogar,4071
Ropa,5371
Juguetes,6596
Ropa,7385
Electrónica,1186
Ropa,4064
Ropa,4113
Ropa,3409
Alimentos,1843
Ropa,5592
Electrónica,2426
Ropa,4452
Ropa,6820
Hogar,5845
Alimentos,5745
Hogar,9321
Juguetes,1321
Juguetes,5709
Ropa,9011
Ropa,2469
Alimentos,3507
Hogar,7817
Electrónica,2701
Ropa,7789
Ropa,7424
Juguetes,1314
Ropa,2639
Juguetes,3588
Juguetes,8596
Alimentos,1544
Hogar,6560
Juguetes,7393
Juguetes,9498
Juguetes,3566
Alimentos,2582
Hogar,8153
Juguetes,9154
Electrónica,7813
Hogar,3448
Hogar,6277
Juguetes,1802
Juguetes,6874
Hogar,4144
Electrónica,6609
Hogar,7181
Electrónica,5748
Ropa,8996
Juguetes,7481
Alimentos,6903
Ropa,9549
Juguetes,1968
Alimentos,3309
Juguetes,1867
Hogar,7961
Juguetes,5223
Ropa,4944
Hogar,3975
Alimentos,2043
Juguetes,7385
Alimentos,7320
Electrónica,2497
Electrónica,3958
Alimentos,2924
Juguetes,2516
Electrónica,2103
Alimentos,1195
Alimentos,1153
Juguetes,1569
Electrónica,4921
Hogar,7013
Alimentos,3790
Electrónica,9302
Electrónica,2509
Ropa,4203
Ropa,1031
Ropa,5309
Electrónica,4157
Juguetes,2205
Electrónica,1541
Hogar,9271
Hogar,9691
Alimentos,8831
Electrónica,9883
Ropa,6186
Juguetes,3834
Juguetes,3581
Juguetes,1330
Juguetes,5530
Electrónica,4153
Juguetes,2877
Alimentos,9581
Electrónica,8867
Electrónica,5112
Juguetes,1759
Alimentos,9780
Alimentos,8433
Ropa,8470
Hogar,6305
Ropa,7587
Electrónica,5052
Alimentos,2542
Juguetes,5342
Ropa,9038
Hogar,1078
Juguetes,7697
Electrónica,6326
Ropa,3168
Juguetes,2035
Juguetes,7647
Hogar,4822
Juguetes,9255
Hogar,7142
Ropa,3915
Juguetes,9168
Electrónica,6216
Juguetes,1645
Ropa,8192
Ropa,3157
Alimentos,7415
Hogar,6152
Juguetes,8151
Hogar,8473
Hogar,7797
Electrónica,2403
Electrónica,7211
Alimentos,6888
Electrónica,3060
Electrónica,6810
Hogar,1139
Electrónica,4204
Electrónica,5343
Electrónica,4274
Juguetes,7059
Juguetes,8428
Juguetes,9592
Electrónica,6267
Juguetes,1654
Ropa,4850
Juguetes,4482
Juguetes,1707
Hogar,9778
Ropa,7769
Electrónica,1374
Juguetes,6237
Juguetes,3043
Ropa,2786
Hogar,3813
Hogar,6193
Alimentos,4509
Electrónica,5520
Juguetes,9655
Ropa,9524
Hogar,7846
Electrónica,9823
Electrónica,4163
Alimentos,2189
Electrónica,6294
Electrónica,1653
Electrónica,6104
Alimentos,7896
Hogar,2353
Juguetes,6314
Hogar,9016
Hogar,9598
Hogar,1449
Ropa,9671
Hogar,4457
Juguetes,4546
Ropa,9604
Hogar,3174
Hogar,8767
Alimentos,8124
Electrónica,2667
Hogar,6523
Hogar,5627
Alimentos,7557
Alimentos,7835
Electrónica,2566
Hogar,2408
Electrónica,9673
Juguetes,2779
Juguetes,2738
Ropa,2381
Hogar,9170
Juguetes,1394
Hogar,8166
Juguetes,7413
Hogar,1313
Electrónica,2898
Alimentos,3735
Alimentos,2657
Alimentos,5704
Alimentos,8706
Juguetes,9929
Alimentos,8604
Electrónica,9200
Electrónica,4440
Ropa,8295
Ropa,1258
Ropa,9766
Alimentos,6322
Juguetes,4861
Hogar,7529
Alimentos,5986
Juguetes,7487
Juguetes,6562
Hogar,5964
Ropa,9066
Ropa,3722
Hogar,2838
Hogar,9339
Ropa,9786
Hogar,6251
Ropa,2045
Juguetes,7696
Juguetes,6598
Hogar,8993
Hogar,9439
Ropa,3403
Electrónica,7658
Electrónica,9515
Electrónica,4633
Electrónica,9935
Alimentos,3361
Juguetes,8646
Hogar,4729
Hogar,5983
Hogar,9647
Juguetes,5626
Hogar,9110
Hogar,4704
Alimentos,8368
Hogar,8611
Juguetes,4564
Alimentos,7684
Hogar,3834
Electrónica,2732
Juguetes,3336
Hogar,6721
Alimentos,8289
Electrónica,9023
Alimentos,3535
Ropa,5267
Alimentos,8573
Electrónica,5421
Ropa,8104
Hogar,5600
Hogar,8284
Hogar,4703
Ropa,1066
Hogar,1138
Hogar,4083
Ropa,5036
Hogar,4840
Hogar,1786
Electrónica,1462
Hogar,5222
Electrónica,3977
Alimentos,7896
Juguetes,8097
Hogar,4019
Hogar,2370
Hogar,8855
Ropa,2244
Hogar,4616
Ropa,3313
Ropa,2548
Electrónica,4608
Electrónica,6802
Electrónica,7462
Electrónica,6334
Electrónica,4112
Hogar,6484
Hogar,9868
Ropa,8864
Alimentos,1975
Alimentos,9574
Alimentos,6259
Electrónica,1795
Electrónica,5100
Ropa,4058
Alimentos,8196
Juguetes,1566
Juguetes,3745
Juguetes,6669
Alimentos,5268
Ropa,3370
Juguetes,4673
Alimentos,7412
Alimentos,2760
Electrónica,5861
Ropa,2699
Alimentos,1453
Ropa,3162
Electrónica,4090
Hogar,1747
Juguetes,3654
Hogar,3205
Electrónica,3370
Ropa,2473
Electrónica,6054
Alimentos,6593
Alimentos,2819
Hogar,3997
Electrónica,4721
Ropa,6606
Juguetes,4473
Electrónica,5995
Alimentos,8334
Ropa,6057
Electrónica,2484
Ropa,9180
Juguetes,9419
Juguetes,1897
Electrónica,1733
Juguetes,7556
Alimentos,4366
Electrónica,8996
Hogar,8496
Ropa,9424
Ropa,7805
Ropa,5990
Juguetes,1676
Alimentos,9730
Alimentos,6008
Juguetes,4868
Hogar,8265
Electrónica,6691
Ropa,3589
Electrónica,9524
Ropa,7000
Ropa,9408
Alimentos,4519
Alimentos,2898
Electrónica,1591
Electrónica,8647
Alimentos,2993
Hogar,3877
Hogar,8916
Juguetes,4560
Ropa,1483
Electrónica,3006
Ropa,3661
Juguetes,4605
Electrónica,7729
Ropa,7121
Electrónica,7890
Juguetes,8272
Alimentos,4698
Juguetes,1381
Electrónica,7505
Ropa,5309
Ropa,5707
Electrónica,5914
Juguetes,1109
Juguetes,1935
Ropa,3171
Electrónica,1541
Electrónica,1946
Electrónica,9529
Alimentos,9878
Electrónica,1737
Hogar,6646
Juguetes,8401
Hogar,5920
Electrónica,6318
Alimentos,7666
Juguetes,9288
Alimentos,1769
Hogar,8494
Electrónica,5560
Ropa,6146
Alimentos,2952
Electrónica,4721
Juguetes,9311
Ropa,4675
Alimentos,2955
Electrónica,9219
Ropa,9310
Juguetes,2936
Electrónica,4350
Electrónica,4008
Ropa,5354
Alimentos,8847
Electrónica,5302
Juguetes,1471
Electrónica,8002
Alimentos,6212
Electrónica,6682
Alimentos,1982
Hogar,5750
Ropa,7964
Hogar,4114
Electrónica,5603
Juguetes,6223
Alimentos,8709
Electrónica,9381
Alimentos,9813
Electrónica,4026
Juguetes,5470
Alimentos,9813
Electrónica,5256
Hogar,8857
Alimentos,6888
Ropa,3211
Hogar,4417
Alimentos,7556
Juguetes,6264
Juguetes,2071
Electrónica,9119
Juguetes,7230
Electrónica,7755
Juguetes,8342
Hogar,8874
Ropa,8813
Juguetes,2187
Hogar,9059
Juguetes,6047
Ropa,2813
Juguetes,8659
Ropa,1667
Hogar,2449
Hogar,8669
Juguetes,5374
Hogar,9737
Electrónica,6850
Hogar,3561
Electrónica,8485
Electrónica,6536
Juguetes,1177
Hogar,3841
Electrónica,8005
Hogar,3834
Juguetes,7376
Alimentos,1803
Ropa,6866
Electrónica,7002
Ropa,2278
Alimentos,9782
Alimentos,3508
Alimentos,2540
Alimentos,5907
Ropa,6354
Ropa,9515
Hogar,3174
Juguetes,7304
Ropa,4203
Ropa,3595
Ropa,5165
Ropa,3800
Alimentos,1442
Electrónica,4723
Alimentos,2993
Juguetes,6905
Electrónica,3471
Electrónica,1777
Ropa,2805
Juguetes,6209
Juguetes,9317
Hogar,2899
Alimentos,5340
Alimentos,7232
Hogar,3331
Alimentos,9792
Electrónica,5366
Hogar,2090
Hogar,5102
Electrónica,1126
Hogar,2437
Juguetes,9614
Ropa,3369
Juguetes,5107
Juguetes,1236
Hogar,3985
Ropa,9064
Alimentos,1524
Electrónica,2444
Hogar,5014
Ropa,8017
Electrónica,2788
Hogar,9719
Juguetes,5257
Juguetes,6550
Hogar,2900
Hogar,2414
Juguetes,6689
Hogar,9947
Electrónica,4194
Juguetes,4090
Alimentos,8182
Electrónica,3816
Ropa,5795
Ropa,6510
Ropa,3578
Electrónica,1992
Hogar,5022
Electrónica,9197
Electrónica,6265
Ropa,3303
Alimentos,5810
Hogar,3976
Alimentos,4982
Alimentos,9541
Ropa,1600
Juguetes,8296
Ropa,1962
Electrónica,4973
Alimentos,3104
Alimentos,4348
Electrónica,2838
Hogar,9172
Electrónica,9451
Alimentos,5310
Juguetes,7135
Alimentos,4907
Electrónica,2929
Hogar,6855
Ropa,1790
Hogar,8779
Alimentos,5863
Ropa,5322
Electrónica,8867
Alimentos,9138
Electrónica,6582
Juguetes,2670
Electrónica,1064
Juguetes,7900
Electrónica,5314
Electrónica,7884
Juguetes,1067
Alimentos,6149
Electrónica,9556
Hogar,9276
Hogar,2599
Juguetes,5961
Juguetes,3239
Ropa,5205
Juguetes,4335
Alimentos,7339
Alimentos,1167
Ropa,9648
Electrónica,6170
Hogar,5559
Juguetes,3774
Alimentos,4361
Ropa,8107
Alimentos,2216
Hogar,3444
Juguetes,3575
Alimentos,4358
Hogar,8239
Electrónica,4385
Hogar,4390
Juguetes,4158
Hogar,5185
Alimentos,5931
Ropa,6696
Hogar,4358
Juguetes,6124
Electrónica,2285
Alimentos,1391
Ropa,2632
Alimentos,3033
Hogar,6849
Hogar,1030
Alimentos,2240
Electrónica,1862
Ropa,6336
Alimentos,1844
Hogar,9950
Electrónica,5649
Juguetes,8007
Hogar,4315
Electrónica,9294
Ropa,5767
Alimentos,5943
Electrónica,8746
Hogar,5357
Juguetes,7504
Ropa,1406
Hogar,3126
Hogar,8532
Hogar,3864
Hogar,1659
Juguetes,5347
Hogar,7142
Hogar,2032
Hogar,7845
Electrónica,7027
Alimentos,1104
Electrónica,8042
Electrónica,5346
Juguetes,8998
Electrónica,2165
Juguetes,6264
Juguetes,6692
Hogar,4607
Juguetes,7546
Electrónica,3669
Ropa,6785
Alimentos,3162
Hogar,9405
Hogar,8122
Electrónica,9857
Ropa,4499
Hogar,6758
Ropa,2175
Juguetes,8048
Alimentos,2229
Hogar,5744
Electrónica,4568
Ropa,3216
Juguetes,4712
Ropa,7517
Juguetes,7786
Alimentos,8326
Electrónica,3495
Hogar,6917
Ropa,8891
Juguetes,6693
Juguetes,4548
Electrónica,5647
Alimentos,7671
Juguetes,2457
Ropa,6985
Hogar,5573
Alimentos,4458
Juguetes,3955
Hogar,4694
Ropa,4719
Alimentos,6166
Alimentos,6294
Ropa,6015
Alimentos,3365
Electrónica,5246
Hogar,3725
Ropa,1486
Alimentos,3342
Ropa,7546
Alimentos,3063
Hogar,7304
Ropa,9684
Ropa,8125
Alimentos,8118
Electrónica,4657
Hogar,2217
Alimentos,9409
Ropa,6997
Juguetes,9046
Hogar,6909
Hogar,7934
Hogar,6106
Alimentos,7825
Ropa,9701
Hogar,3474
Alimentos,8167
Electrónica,3666
Juguetes,5278
Ropa,9480
Alimentos,2049
Juguetes,4571
Hogar,8964
Juguetes,2359
Juguetes,4791
Juguetes,1145
Electrónica,5377
Ropa,6176
Hogar,2020
Ropa,3600
Juguetes,6073
Ropa,2204
Ropa,3377
Hogar,3450
Hogar,9215
Ropa,7992
Juguetes,8595
Ropa,5379
Ropa,2698
Ropa,1193
Hogar,8377
Hogar,7529
Juguetes,9330
Electrónica,3871
Ropa,5668
Hogar,3866
Alimentos,2771
Hogar,2397
Hogar,5566
Hogar,7235
Hogar,2653
Ropa,4695
Electrónica,3195
Electrónica,5831
Juguetes,2786
Electrónica,3573
Ropa,9475
Electrónica,6528
Juguetes,9112
Juguetes,4913
Ropa,3420
Juguetes,6887
Juguetes,2236
Juguetes,7880
Electrónica,9210
Ropa,1060
Electrónica,8721
Ropa,5667
Ropa,2266
Juguetes,9015
Juguetes,4838
Juguetes,4011
Electrónica,5518
Alimentos,9336
Alimentos,2995
Electrónica,7866
Hogar,7995
Alimentos,9815
Ropa,8579
Hogar,9287
Alimentos,3027
Electrónica,7309
Ropa,8551
Ropa,8110
Hogar,4218
Alimentos,5610
Hogar,3949
Alimentos,6127
Electrónica,8770
Juguetes,4565
Juguetes,7278
Electrónica,2695
Hogar,4187
Ropa,4812
Electrónica,9371
Hogar,7178
Hogar,2361
Ropa,5260
Electrónica,6070
Electrónica,1837
Electrónica,2103
Alimentos,2436
Electrónica,6829
Ropa,7872
Ropa,5457
Electrónica,5926
Alimentos,3798
Ropa,2025
Ropa,1948
Hogar,7620
Ropa,1356
Hogar,8988
Juguetes,4356
Juguetes,9554
Juguetes,9923
Ropa,8800
Electrónica,9159
Juguetes,5188
Ropa,5962
Electrónica,1201
Ropa,5891
Alimentos,7151
Hogar,8783
Ropa,9018
Juguetes,7568
Alimentos,8917
Hogar,3971
Electrónica,3003
Ropa,3345
Electrónica,1166
Alimentos,3734
Electrónica,5174
Juguetes,7486
Juguetes,7855
Electrónica,7253
Electrónica,5341
Ropa,2350
Electrónica,5054
Alimentos,1503
Ropa,4770
Alimentos,1842
Ropa,2875
Ropa,4991
Hogar,5031
Juguetes,5011
Electrónica,7232
Ropa,8566
Juguetes,1801
Alimentos,1123
Alimentos,2585
Alimentos,7036
Electrónica,4611
Hogar,4154
Electrónica,5408
Hogar,6541
Ropa,5619
Ropa,5131
Hogar,8276
Juguetes,1950
Electrónica,5804
Ropa,3027
Alimentos,7084
Juguetes,5949
Juguetes,5556
Hogar,1917
Hogar,6931
Juguetes,9477
Electrónica,2327
Hogar,6900
Ropa,1774
Electrónica,5593
Hogar,4639
Hogar,8139
Juguetes,5307
Alimentos,5264
Ropa,5107
Ropa,4691
Hogar,9451
Juguetes,1915
Juguetes,2581
Juguetes,5081
Juguetes,3298
Hogar,3669
Juguetes,7374
Juguetes,8266
Alimentos,6038
Alimentos,5514
Hogar,9534
Hogar,9079
Hogar,7750
Juguetes,6991
Electrónica,8939
Electrónica,9718
Electrónica,4118
Ropa,4590
Hogar,6942
Electrónica,8565
Alimentos,1751
Hogar,2161
Ropa,3202
Electrónica,5444
Hogar,1540
Hogar,2210
Juguetes,2253
Electrónica,3556
Ropa,1738
Electrónica,4154
Ropa,5017
Electrónica,7540
Juguetes,9505
Electrónica,2756
Juguetes,9927
Electrónica,2764
Alimentos,9329
Juguetes,4543
Juguetes,1287
Juguetes,6047
Juguetes,9666
Electrónica,6485
Electrónica,4854
Alimentos,3839
Alimentos,2000
Hogar,8738
Juguetes,5486
Hogar,3657
Electrónica,4443
Hogar,9198
Electrónica,4331
Alimentos,2467
Ropa,3301
Electrónica,3311
Ropa,2397
Hogar,5894
Ropa,7055
Hogar,8709
Ropa,8428
Electrónica,1504
Alimentos,5549
Alimentos,4485
Juguetes,2731
Juguetes,2576
Electrónica,1842
Juguetes,6329
Ropa,8023
Hogar,1447
Electrónica,6451
Alimentos,7391
Juguetes,3918
Hogar,1902
Juguetes,3980
Electrónica,1450
Ropa,7422
Alimentos,3904
Electrónica,9228
Electrónica,7653
Electrónica,9173
Ropa,7014
Electrónica,8276
Ropa,3700
Electrónica,5420
Alimentos,1172
Electrónica,5029
Ropa,7654
Juguetes,1048
Hogar,3301
Juguetes,5582
Hogar,3373
Ropa,8714
Juguetes,9888
Electrónica,8210
Juguetes,6359
Electrónica,3115
Juguetes,5536
Alimentos,1554
Ropa,9182
Ropa,3908
Hogar,1199
Alimentos,4609
Ropa,6509
Electrónica,9615
Juguetes,5392
Electrónica,5054
Electrónica,9493
Juguetes,9972
Alimentos,4840
Electrónica,9300
Ropa,9648
Juguetes,8793
Electrónica,6754
Ropa,9278
Ropa,8813
Hogar,2346
Hogar,7946
Juguetes,2166
Alimentos,2523
Alimentos,9494
Ropa,8232
Alimentos,9024
Alimentos,2325
Hogar,7367
Ropa,3737
Juguetes,7698
Electrónica,9822
Electrónica,8702
Alimentos,5392
Juguetes,1078
Juguetes,2334
Ropa,2410
Ropa,8455
Alimentos,7692
Juguetes,5139
Alimentos,2973
Hogar,1435
Hogar,9285
Ropa,7439
Ropa,2526
Ropa,2104
Hogar,7352
Hogar,9149
Juguetes,4230
Juguetes,7107
Ropa,3505
Alimentos,8968
Alimentos,7564
Ropa,3536
Juguetes,5039
Hogar,8496
Hogar,2938
Ropa,8318
Alimentos,4338
Hogar,9929
Hogar,7870
Juguetes,7379
Ropa,5240
Juguetes,8444
Hogar,4860
Hogar,9519
Juguetes,8322
Electrónica,1331
Ropa,2710
Ropa,8888
Hogar,2087
Hogar,5740
Ropa,6869
Ropa,9323
Electrónica,1878
Ropa,4496
Electrónica,3184
Electrónica,9622
Alimentos,8434
Ropa,2412
Hogar,4989
Electrónica,2472
Juguetes,1647
Electrónica,5227
Hogar,9420
Hogar,5564
Juguetes,8859
Juguetes,8039
Electrónica,4667
Electrónica,5149
Alimentos,1363
Ropa,5433
Alimentos,5857
Juguetes,8979
Hogar,9052
Hogar,5537
Juguetes,3670
Juguetes,1635
Electrónica,4284
Alimentos,8149
Electrónica,5826
Ropa,6227
Electrónica,4254
Electrónica,6466
Electrónica,9674
Electrónica,5207
Ropa,5830
Ropa,2397
Juguetes,7530
Alimentos,7318
Electrónica,7156
Ropa,7010
Electrónica,4110
Ropa,3444
Alimentos,8550
Alimentos,4760
Juguetes,8770
Juguetes,8071
Electrónica,4460
Alimentos,2340
Juguetes,3845
Hogar,3403
Ropa,7998
Ropa,5955
Alimentos,9075
Alimentos,3824
Alimentos,2178
Electrónica,6595
Ropa,7145
Ropa,4140
Juguetes,7900
Hogar,9055
Juguetes,3317
Alimentos,3341
Hogar,9418
Electrónica,8748
Ropa,1347
Hogar,7758
Hogar,6833
Alimentos,2961
Ropa,7359
Juguetes,8163
Electrónica,3116
Alimentos,8749
Electrónica,8790
Electrónica,9285
Electrónica,2610
Ropa,6205
Hogar,2621
Alimentos,2230
Alimentos,7034
Electrónica,8069
Ropa,4521
Juguetes,5041
Hogar,7834
Juguetes,7676
Electrónica,3864
Alimentos,8571
Alimentos,2386
Ropa,8333
Ropa,4391
Juguetes,5295
Alimentos,7864
Alimentos,4234
Alimentos,9110
Juguetes,7896
Ropa,8914
Ropa,3066
Electrónica,4225
Electrónica,9646
Hogar,5332
Juguetes,9094
Ropa,3563
Hogar,8341
Electrónica,1498
Ropa,6843
Juguetes,7660
Ropa,4412
Ropa,4814
Juguetes,3451
Ropa,1972
Alimentos,9212
Alimentos,2417
Hogar,5811
Juguetes,2854
Hogar,4391
Alimentos,1384
Electrónica,7305
Ropa,8620
Electrónica,8846
Ropa,4865
Juguetes,9078
Electrónica,3610
Electrónica,2825
Ropa,4926
Juguetes,3267
Ropa,1529
Ropa,1039
Ropa,9102
Juguetes,1395
Alimentos,4648
Electrónica,7094
Alimentos,7563
Electrónica,3362
Juguetes,4488
Ropa,7222
Juguetes,8826
Ropa,3849
Alimentos,3928
Ropa,4730
Juguetes,2268
Juguetes,6209
